Date_collected,Month,Year,Motu,Purpose,Collected_by,GPS_name,Longitude,Latitude,vial,N15,C13,N_percent,C_percent,Notes,Duplicate_N15,Duplicate_C13,Duplicate_N,Duplicate_C,Triplicate_N15,Triplicate_C13,Triplicate_N,Triplicate_C
4-Nov-21,Nov,2021,Aie,ATA,"Hannah Epstein, Kal Bistolas (OSU)",1,-149.53615,-17.007784,1 _04/11/21,8.34,-9.23,0.38,26.18,,,,,,,,,
4-Nov-21,Nov,2021,Aie,ATA,"Hannah Epstein, Kal Bistolas (OSU)",2,-149.53531,-17.007676,2 _04/11/21,7.68,-8.87,0.34,27.35,,,,,,,,,
4-Nov-21,Nov,2021,Aie,ATA,"Hannah Epstein, Kal Bistolas (OSU)",3,-149.53628,-17.008439,3 _04/11/21,11.89,-7.01,0.49,27.39,,,,,,,,,
4-Nov-21,Nov,2021,Aie,ATA,"Hannah Epstein, Kal Bistolas (OSU)",4,-149.53595,-17.008785,4 _04/11/21,10.67,-6.51,0.52,26.36,,,,,,,,,
4-Nov-21,Nov,2021,Aie,ATA,"Hannah Epstein, Kal Bistolas (OSU)",5,-149.53555,-17.009067,5 _04/11/21,10.24,-6.84,0.49,26.04,,,,,,,,,
4-Nov-21,Nov,2021,Aie,ATA,"Hannah Epstein, Kal Bistolas (OSU)",6,-149.53516,-17.009275,6 _04/11/21,8.61,-9.02,0.42,26.69,,,,,,,,,
4-Nov-21,Nov,2021,Aie,ATA,"Hannah Epstein, Kal Bistolas (OSU)",7,-149.53466,-17.009355,7 _04/11/21,6.92,-9.07,0.39,28.69,,,,,,,,,
4-Nov-21,Nov,2021,Aie,ATA,"Hannah Epstein, Kal Bistolas (OSU)",8,-149.53421,-17.00927,8 _04/11/21,6.96,-9.41,0.35,27.41,,,,,,,,,
4-Nov-21,Nov,2021,Aie,ATA,"Hannah Epstein, Kal Bistolas (OSU)",9,-149.53411,-17.008865,9 _04/11/21,6.67,-9.26,0.41,28.78,,,,,,,,,
6-Nov-21,Nov,2021,Rimatuu,ATA,"Hannah Epstein, Kal Bistolas (OSU)",10,-149.55547,-17.032409,10 _06/11/21,10.24,-8.85,0.67,29.18,,,,,,,,,
6-Nov-21,Nov,2021,Rimatuu,ATA,"Hannah Epstein, Kal Bistolas (OSU)",11,-149.55524,-17.032024,11 _06/11/21,11.27,-7.29,0.61,29.3,,,,,,,,,
6-Nov-21,Nov,2021,Rimatuu,ATA,"Hannah Epstein, Kal Bistolas (OSU)",12,-149.55504,-17.031547,12 _06/11/21,12.7,-7.5,0.67,27.49,,,,,,,,,
6-Nov-21,Nov,2021,Rimatuu,ATA,"Hannah Epstein, Kal Bistolas (OSU)",13,-149.55481,-17.031156,13 _06/11/21,13.85,-8.26,0.83,27.38,,,,,,,,,
6-Nov-21,Nov,2021,Rimatuu,ATA,"Hannah Epstein, Kal Bistolas (OSU)",14,-149.55454,-17.030778,14 _06/11/21,13.76,-7.76,0.78,27.4,,,,,,,,,
6-Nov-21,Nov,2021,Rimatuu,ATA,"Hannah Epstein, Kal Bistolas (OSU)",15,-149.55427,-17.030427,15 _06/11/21,13.18,-7.72,0.76,28.41,,,,,,,,,
6-Nov-21,Nov,2021,Rimatuu,ATA,"Hannah Epstein, Kal Bistolas (OSU)",16,-149.554,-17.030026,16 _06/11/21,14.81,-7.51,0.74,28.45,,,,,,,,,
6-Nov-21,Nov,2021,Rimatuu,ATA,"Hannah Epstein, Kal Bistolas (OSU)",17,-149.55371,-17.029681,17 _06/11/21,14.18,-8.15,0.82,27.18,,,,,,,,,
6-Nov-21,Nov,2021,Rimatuu,ATA,"Hannah Epstein, Kal Bistolas (OSU)",18,-149.55331,-17.029312,18 _06/11/21,14.84,-6.38,0.77,27.8,,,,,,,,,
6-Nov-21,Nov,2021,Rimatuu,ATA,"Hannah Epstein, Kal Bistolas (OSU)",19,-149.55298,-17.02898,19 _06/11/21,14.96,-8.2,0.82,26.71,,,,,,,,,
6-Nov-21,Nov,2021,Rimatuu,ATA,"Hannah Epstein, Kal Bistolas (OSU)",20,-149.55263,-17.028699,20 _06/11/21,14.79,-7.27,0.73,26.37,,,,,,,,,
8-Nov-21,Nov,2021,Reiono,ATA,"Hannah Epstein, Kal Bistolas (OSU)",21,-149.54454,-17.044467,21 _08/11/21,12.94,-7.85,0.58,26.34,,,,,,,,,
8-Nov-21,Nov,2021,Reiono,ATA,"Hannah Epstein, Kal Bistolas (OSU)",22,-149.54485,-17.044063,22 _08/11/21,13.54,-7.36,0.53,25.72,,,,,,,,,
8-Nov-21,Nov,2021,Reiono,ATA,"Hannah Epstein, Kal Bistolas (OSU)",23,-149.54498,-17.043606,23 _08/11/21,11.7,-8.36,0.53,25.76,,,,,,,,,
8-Nov-21,Nov,2021,Reiono,ATA,"Hannah Epstein, Kal Bistolas (OSU)",24,-149.54521,-17.043198,24 _08/11/21,16.96,-6.4,0.67,25.56,,,,,,,,,
8-Nov-21,Nov,2021,Reiono,ATA,"Hannah Epstein, Kal Bistolas (OSU)",25,-149.54533,-17.042745,25 _08/11/21,13.35,-8.13,0.56,26.52,,,,,,,,,
8-Nov-21,Nov,2021,Reiono,ATA,"Hannah Epstein, Kal Bistolas (OSU)",26,-149.54579,-17.042577,26 _08/11/21,13.42,-7.58,0.72,25.85,,,,,,,,,
8-Nov-21,Nov,2021,Reiono,ATA,"Hannah Epstein, Kal Bistolas (OSU)",27,-149.54608,-17.042946,27 _08/11/21,11.52,-7.02,0.64,25.26,,,,,,,,,
8-Nov-21,Nov,2021,Reiono,ATA,"Hannah Epstein, Kal Bistolas (OSU)",28,-149.54628,-17.043375,28 _08/11/21,11.85,-7.16,0.57,26.37,,,,,,,,,
8-Nov-21,Nov,2021,Reiono,ATA,"Hannah Epstein, Kal Bistolas (OSU)",29,-149.54658,-17.043783,29 _08/11/21,10.9,-7.42,0.53,25.56,,,,,,,,,
8-Nov-21,Nov,2021,Reiono,ATA,"Hannah Epstein, Kal Bistolas (OSU)",30,-149.54696,-17.043988,30 _08/11/21,10.62,-7.12,0.51,24.52,,,,,,,,,
8-Nov-21,Nov,2021,Reiono,ATA,"Hannah Epstein, Kal Bistolas (OSU)",31,-149.54726,-17.044271,31 _08/11/21,13.93,-7.52,0.72,25.86,,,,,,,,,
8-Nov-21,Nov,2021,Reiono,ATA,"Hannah Epstein, Kal Bistolas (OSU)",32,-149.54774,-17.044811,32 _08/11/21,11.47,-7.62,0.64,24.53,,,,,,,,,
8-Nov-21,Nov,2021,Reiono,ATA,"Hannah Epstein, Kal Bistolas (OSU)",33,-149.54775,-17.045259,33 _08/11/21,11.06,-7.07,0.56,25.81,,,,,,,,,
8-Nov-21,Nov,2021,Reiono,ATA,"Hannah Epstein, Kal Bistolas (OSU)",34,-149.54777,-17.045875,34 _08/11/21,9.46,-7.48,0.58,25.55,,,,,,,,,
8-Nov-21,Nov,2021,Reiono,ATA,"Hannah Epstein, Kal Bistolas (OSU)",35,-149.54768,-17.046318,35 _08/11/21,9.26,-8.41,0.5,25.59,,,,,,,,,
8-Nov-21,Nov,2021,Reiono,ATA,"Hannah Epstein, Kal Bistolas (OSU)",36,-149.54761,-17.04688,36 _08/11/21,10.7,-7.55,0.53,25.31,,,,,,,,,
8-Nov-21,Nov,2021,Reiono,ATA,"Hannah Epstein, Kal Bistolas (OSU)",37,-149.54775,-17.047306,37 _08/11/21,9.14,-7.9,0.48,26.6,,,,,,,,,
8-Nov-21,Nov,2021,Reiono,ATA,"Hannah Epstein, Kal Bistolas (OSU)",38,-149.54788,-17.047732,38 _08/11/21,9.14,-7.4,0.54,26.43,,,,,,,,,
8-Nov-21,Nov,2021,Reiono,ATA,"Hannah Epstein, Kal Bistolas (OSU)",39,-149.54793,-17.04819,39 _08/11/21,8.67,-8.99,0.66,25.35,,,,,,,,,
8-Nov-21,Nov,2021,Reiono,ATA,"Hannah Epstein, Kal Bistolas (OSU)",40,-149.54795,-17.048676,40 _08/11/21,7.61,-8.31,0.6,26.43,,,,,,,,,
8-Nov-21,Nov,2021,Reiono,ATA,"Hannah Epstein, Kal Bistolas (OSU)",41,-149.54769,-17.049062,41 _08/11/21,7.5,-7.94,0.62,26.8,,,,,,,,,
8-Nov-21,Nov,2021,Reiono,ATA,"Hannah Epstein, Kal Bistolas (OSU)",42,-149.54733,-17.049464,42 _08/11/21,5.91,-9.79,0.47,26.3,,,,,,,,,
8-Nov-21,Nov,2021,Reiono,ATA,"Hannah Epstein, Kal Bistolas (OSU)",43,-149.54687,-17.049708,43 _08/11/21,6.45,-8.12,0.51,26.73,,,,,,,,,
8-Nov-21,Nov,2021,Reiono,ATA,"Hannah Epstein, Kal Bistolas (OSU)",44,-149.5459,-17.049809,44 _08/11/21,5,-8.56,0.39,29.37,,,,,,,,,
3-Dec-21,Nov,2021,Rimatuu,ATA,"Jayna DeVore, Carlee Heger (Tetiaroa Society)",45,-149.5565,-17.033371,45 Rimatuu 031221,10.64,-9.6,0.71,27.25,,,,,,,,,
3-Dec-21,Nov,2021,Rimatuu,ATA,"Jayna DeVore, Carlee Heger (Tetiaroa Society)",46,-149.55696,-17.033522,46 Rimatuu 031221,9.93,-9.36,0.6,26.71,,,,,,,,,
3-Dec-21,Nov,2021,Rimatuu,ATA,"Jayna DeVore, Carlee Heger (Tetiaroa Society)",47,-149.5574,-17.033676,47 Rimatuu 031221,10.2,-9.65,0.68,26.76,,,,,,,,,
3-Dec-21,Nov,2021,Rimatuu,ATA,"Jayna DeVore, Carlee Heger (Tetiaroa Society)",48,-149.55785,-17.03379,48 Rimatuu 031221,9.46,-10.22,0.61,27.7,,,,,,,,,
3-Dec-21,Nov,2021,Rimatuu,ATA,"Jayna DeVore, Carlee Heger (Tetiaroa Society)",49,-149.55828,-17.033989,49 Rimatuu 031221,8.42,-9.22,0.58,26.72,,,,,,,,,
3-Dec-21,Nov,2021,Rimatuu,ATA,"Jayna DeVore, Carlee Heger (Tetiaroa Society)",50,-149.55877,-17.034014,50 Rimatuu 031221,7.66,-8.81,0.64,28.13,,,,,,,,,
3-Dec-21,Nov,2021,Rimatuu,ATA,"Jayna DeVore, Carlee Heger (Tetiaroa Society)",51,-149.55924,-17.034066,51 Rimatuu 031221,7.69,-9.19,0.54,27.25,,,,,,,,,
3-Dec-21,Nov,2021,Rimatuu,ATA,"Jayna DeVore, Carlee Heger (Tetiaroa Society)",52,-149.55969,-17.033961,52 Rimatuu 031221,7.49,-8.11,0.75,27.1,,,,,,,,,
3-Dec-21,Nov,2021,Rimatuu,ATA,"Jayna DeVore, Carlee Heger (Tetiaroa Society)",53,-149.56011,-17.033788,53 Rimatuu 031221,6.45,-10.08,0.47,29.18,,,,,,,,,
3-Dec-21,Nov,2021,Rimatuu,ATA,"Jayna DeVore, Carlee Heger (Tetiaroa Society)",54,-149.5604,-17.033397,54 Rimatuu 031221,6.17,-8.89,0.55,27.91,,,,,,,,,
3-Dec-21,Nov,2021,Rimatuu,ATA,"Jayna DeVore, Carlee Heger (Tetiaroa Society)",55,-149.56063,-17.032989,55 Rimatuu 031221,6.5,-9.23,0.7,27.42,,,,,,,,,
3-Dec-21,Nov,2021,Rimatuu,ATA,"Jayna DeVore, Carlee Heger (Tetiaroa Society)",56,-149.56075,-17.032541,56 Rimatuu 031221,6.07,-9.11,0.69,27.78,,,,,,,,,
3-Dec-21,Nov,2021,Rimatuu,ATA,"Jayna DeVore, Carlee Heger (Tetiaroa Society)",57,-149.56072,-17.032143,57 Rimatuu 031221,6.59,-10.29,0.7,25.73,,,,,,,,,
3-Dec-21,Nov,2021,Rimatuu,ATA,"Jayna DeVore, Carlee Heger (Tetiaroa Society)",58,-149.5607,-17.0317,58 Rimatuu 031221,5.98,-9.08,0.62,27.08,,,,,,,,,
3-Dec-21,Nov,2021,Rimatuu,ATA,"Jayna DeVore, Carlee Heger (Tetiaroa Society)",59,-149.56061,-17.031231,59 Rimatuu 031221,4.93,-8.03,0.43,30.59,,,,,,,,,
3-Dec-21,Nov,2021,Rimatuu,ATA,"Jayna DeVore, Carlee Heger (Tetiaroa Society)",60,-149.56069,-17.030752,60 Rimatuu 031221,4.96,-6.68,0.6,28.84,,,,,,,,,
3-Dec-21,Nov,2021,Rimatuu,ATA,"Jayna DeVore, Carlee Heger (Tetiaroa Society)",61,-149.56068,-17.030298,61 Rimatuu 031221,4.43,-6.69,0.54,28.92,,,,,,,,,
3-Dec-21,Nov,2021,Rimatuu,ATA,"Jayna DeVore, Carlee Heger (Tetiaroa Society)",62,-149.56062,-17.029852,62 Rimatuu 031221,4.05,-6.52,0.68,27.88,,4.07,-6.44,0.65,27.7,4.03,-6.42,0.69,28.1
3-Dec-21,Nov,2021,Rimatuu,ATA,"Jayna DeVore, Carlee Heger (Tetiaroa Society)",63,-149.56064,-17.029373,63 Rimatuu 031221,3.53,-6.91,0.55,27.41,,3.99,-7.08,0.57,27.72,3.96,-7.24,0.56,27.72
3-Dec-21,Nov,2021,Rimatuu,ATA,"Jayna DeVore, Carlee Heger (Tetiaroa Society)",64,-149.55377,-17.025573,64 Rimatuu 031221,15.38,-6.65,0.87,28.01,,,,,,,,,
3-Dec-21,Nov,2021,Rimatuu,ATA,"Jayna DeVore, Carlee Heger (Tetiaroa Society)",65,-149.55709,-17.023693,65 Rimatuu 031221,12.32,-7.56,1.24,31.03,,,,,,,,,
3-Dec-21,Nov,2021,Rimatuu,ATA,"Jayna DeVore, Carlee Heger (Tetiaroa Society)",66,-149.55996,-17.020932,66 Rimatuu 031221,14.89,-8.68,0.86,26.85,,,,,,,,,
3-Dec-21,Nov,2021,Rimatuu,ATA,"Jayna DeVore, Carlee Heger (Tetiaroa Society)",67,-149.56003,-17.020515,67 Rimatuu 031221,14.79,-8.05,0.99,28.28,,,,,,,,,
3-Dec-21,Nov,2021,Rimatuu,ATA,"Jayna DeVore, Carlee Heger (Tetiaroa Society)",68,-149.56016,-17.019966,68 Rimatuu 031221,13.6,-8.64,0.76,28.46,,,,,,,,,
26-Nov-21,Nov,2021,Honuea,ATA,"Jayna DeVore, Carlee Heger (Tetiaroa Society)",69,-149.58526,-17.011573,69 11_26,3.98,-9.26,0.35,31.27,,,,,,,,,
26-Nov-21,Nov,2021,Honuea,ATA,"Jayna DeVore, Carlee Heger (Tetiaroa Society)",70,-149.58394,-17.012083,,,,,,"Missing sample - on original collection list, but never got a vial with it. ",,,,,,,,
26-Nov-21,Nov,2021,Honuea,ATA,"Jayna DeVore, Carlee Heger (Tetiaroa Society)",71,-149.58517,-17.006718,71 11_26,2.58,-9.85,0.32,29.34,,,,,,,,,
26-Nov-21,Nov,2021,Honuea,ATA,"Jayna DeVore, Carlee Heger (Tetiaroa Society)",72,-149.58565,-17.006947,72 11_26,3.63,-8.17,0.47,29.46,,,,,,,,,
26-Nov-21,Nov,2021,Honuea,ATA,"Jayna DeVore, Carlee Heger (Tetiaroa Society)",73,-149.58762,-17.006517,73 11_26,3.26,-8.51,0.38,30.81,,,,,,,,,
26-Nov-21,Nov,2021,Honuea,ATA,"Jayna DeVore, Carlee Heger (Tetiaroa Society)",74,-149.58915,-17.006227,74 11_26,3.22,-8.11,0.41,28.83,,,,,,,,,
26-Nov-21,Nov,2021,Honuea,ATA,"Jayna DeVore, Carlee Heger (Tetiaroa Society)",75,-149.58843,-17.00815,75 11_26,3.2,-10.22,0.44,29.94,,,,,,,,,
26-Nov-21,Nov,2021,Honuea,ATA,"Jayna DeVore, Carlee Heger (Tetiaroa Society)",76,-149.58804,-17.008473,76 11_26,3.3,-10.57,0.45,30.47,,,,,,,,,
26-Nov-21,Nov,2021,Honuea,ATA,"Jayna DeVore, Carlee Heger (Tetiaroa Society)",77,-149.5879,-17.008941,77 11_26,3.3,-8.9,0.39,29.85,,,,,,,,,
26-Nov-21,Nov,2021,Honuea,ATA,"Jayna DeVore, Carlee Heger (Tetiaroa Society)",78,-149.58783,-17.009636,78 11_26,3.24,-7.44,0.45,30.29,,,,,,,,,
26-Nov-21,Nov,2021,Honuea,ATA,"Jayna DeVore, Carlee Heger (Tetiaroa Society)",79,-149.58765,-17.010072,79 11_26,3.59,-7.25,0.5,28.96,,,,,,,,,
10-Nov-21,Nov,2021,Reiono,ATA,Casey Benkwitt (Lancaster),84,-149.54528,-17.049596,84 _10/11/21,4.98,-9.86,0.38,27.57,,,,,,,,,
10-Nov-21,Nov,2021,Reiono,ATA,Casey Benkwitt (Lancaster),85,-149.54489,-17.049325,85 _10/11/21,6.41,-9.15,0.44,26.41,,,,,,,,,
10-Nov-21,Nov,2021,Reiono,ATA,Casey Benkwitt (Lancaster),86,-149.54454,-17.049075,86 _10/11/21,9.13,-7.89,0.48,26.69,,,,,,,,,
10-Nov-21,Nov,2021,Reiono,ATA,Casey Benkwitt (Lancaster),87,-149.54415,-17.048755,87 _10/11/21,8.8,-9.13,0.67,26.61,,8.94,-9.2,0.66,26.65,8.76,-9.15,0.68,26.43
10-Nov-21,Nov,2021,Reiono,ATA,Casey Benkwitt (Lancaster),88,-149.54394,-17.048372,88 _10/11/21,10.36,-8.34,0.74,25.87,,,,,,,,,
10-Nov-21,Nov,2021,Reiono,ATA,Casey Benkwitt (Lancaster),89,-149.54392,-17.047922,89 _10/11/21,7.47,-9.19,0.33,26.44,,,,,,,,,
10-Nov-21,Nov,2021,Reiono,ATA,Casey Benkwitt (Lancaster),90,-149.54402,-17.047404,90 _10/11/21,11.99,-8.24,0.59,25.12,,,,,,,,,
10-Nov-21,Nov,2021,Reiono,ATA,Casey Benkwitt (Lancaster),91,-149.544,-17.046964,91 _10/11/21,10.84,-8.68,0.57,26.85,,,,,,,,,
10-Nov-21,Nov,2021,Reiono,ATA,Casey Benkwitt (Lancaster),92,-149.54404,-17.046512,92 _10/11/21,9.38,-8.1,0.46,25.89,,,,,,,,,
10-Nov-21,Nov,2021,Reiono,ATA,Casey Benkwitt (Lancaster),93,-149.544,-17.046063,93 _10/11/21,9.21,-7.83,0.45,25.91,,,,,,,,,
10-Nov-21,Nov,2021,Reiono,ATA,Casey Benkwitt (Lancaster),94,-149.54405,-17.045639,94 _10/11/21,8.91,-7.87,0.47,25.61,,,,,,,,,
10-Nov-21,Nov,2021,Reiono,ATA,Casey Benkwitt (Lancaster),95,-149.54427,-17.045225,95 _10/11/21,8.48,-8.38,0.39,25.79,,,,,,,,,
10-Nov-21,Nov,2021,Reiono,ATA,Casey Benkwitt (Lancaster),97,-149.54446,-17.044798,97 _10/11/21,13.49,-7.53,0.62,26.21,,,,,,,,,
10-Nov-21,Nov,2021,Reiono,ATA,Casey Benkwitt (Lancaster),98,-149.54463,-17.044363,98 _10/11/21,12.67,-7.79,0.51,26.55,,,,,,,,,
10-Nov-21,Nov,2021,Reiono,ATA,Casey Benkwitt (Lancaster),99,-149.54492,-17.044004,99 _10/11/21,12.83,-8.16,0.51,25.95,,,,,,,,,
10-Nov-21,Nov,2021,Reiono,ATA,Casey Benkwitt (Lancaster),100,-149.54501,-17.043587,100 _10/11/21,12.71,-7.92,0.7,25.34,,,,,,,,,
10-Nov-21,Nov,2021,Reiono,ATA,Casey Benkwitt (Lancaster),101,-149.54527,-17.043137,101 _10/11/21,15.57,-7.43,0.65,26.15,,,,,,,,,
10-Nov-21,Nov,2021,Rimatuu,ATA,"Casey Benkwitt, Rosalie Wright (Lancaster, Oxford)",112,-149.56072,-17.027992,112 _10/11/21,3.78,-6.95,0.42,28.01,,,,,,,,,
10-Nov-21,Nov,2021,Rimatuu,ATA,"Casey Benkwitt, Rosalie Wright (Lancaster, Oxford)",113,-149.56071,-17.027506,113 _10/11/21,3.73,-6.65,0.47,26.66,,,,,,,,,
10-Nov-21,Nov,2021,Rimatuu,ATA,"Casey Benkwitt, Rosalie Wright (Lancaster, Oxford)",114,-149.56051,-17.027031,114 _10/11/21,4.34,-7.13,0.52,26.93,,,,,,,,,
10-Nov-21,Nov,2021,Rimatuu,ATA,"Casey Benkwitt, Rosalie Wright (Lancaster, Oxford)",115,-149.5603,-17.026326,115 _10/11/21,5.3,-7.65,0.52,27.61,,,,,,,,,
10-Nov-21,Nov,2021,Rimatuu,ATA,*no algae found nov 2021,116,-149.5603,-17.025889,,,,,,,,,,,,,,
10-Nov-21,Nov,2021,Rimatuu,ATA,"Casey Benkwitt, Rosalie Wright (Lancaster, Oxford)",117,-149.56028,-17.0254,117 _10/11/21,4.43,-6.52,0.36,28.33,,,,,,,,,
10-Nov-21,Nov,2021,Rimatuu,ATA,*no algae found nov 2021,118,-149.56033,-17.024917,,,,,,,,,,,,,,
10-Nov-21,Nov,2021,Rimatuu,ATA,"Casey Benkwitt, Rosalie Wright (Lancaster, Oxford)",119,-149.56042,-17.024625,119 _10/11/21,4.43,-8.22,0.31,28.09,,,,,,,,,
10-Nov-21,Nov,2021,Rimatuu,ATA,"Casey Benkwitt, Rosalie Wright (Lancaster, Oxford)",120,-149.56064,-17.024186,120 _10/11/21,4.64,-7.24,0.46,27.76,,,,,,,,,
10-Nov-21,Nov,2021,Rimatuu,ATA,"Casey Benkwitt, Rosalie Wright (Lancaster, Oxford)",121,-149.56091,-17.023608,121 _10/11/21,4.66,-8.11,0.36,28.36,,,,,,,,,
10-Nov-21,Nov,2021,Rimatuu,ATA,"Casey Benkwitt, Rosalie Wright (Lancaster, Oxford)",122,-149.56116,-17.023181,122 _10/11/21,3.72,-8.93,0.27,31.37,,,,,,,,,
10-Nov-21,Nov,2021,Rimatuu,ATA,"Casey Benkwitt, Rosalie Wright (Lancaster, Oxford)",123,-149.56142,-17.022561,123 _10/11/21,2.89,-8.7,0.26,31.32,,,,,,,,,
10-Nov-21,Nov,2021,Rimatuu,ATA,"Casey Benkwitt, Rosalie Wright (Lancaster, Oxford)",124,-149.56161,-17.022191,124 _10/11/21,3.05,-8.62,0.36,30.86,,,,,,,,,
10-Nov-21,Nov,2021,Rimatuu,ATA,"Casey Benkwitt, Rosalie Wright (Lancaster, Oxford)",125,-149.56187,-17.021731,125 _10/11/21,3.95,-7.57,0.4,27.9,,,,,,,,,
10-Nov-21,Nov,2021,Rimatuu,ATA,"Casey Benkwitt, Rosalie Wright (Lancaster, Oxford)",126,-149.56208,-17.021322,126 _10/11/21,4.52,-7.16,0.49,29.65,,,,,,,,,
10-Nov-21,Nov,2021,Rimatuu,ATA,"Casey Benkwitt, Rosalie Wright (Lancaster, Oxford)",127,-149.56236,-17.020908,127 _10/11/21,3.32,-7.95,0.41,27.31,,,,,,,,,
10-Nov-21,Nov,2021,Rimatuu,ATA,"Casey Benkwitt, Rosalie Wright (Lancaster, Oxford)",128,-149.56249,-17.02032,128 _10/11/21,4.82,-7.03,0.52,27.53,,,,,,,,,
29-Nov-21,Nov,2021,Auroa,ATA,"Jayna DeVore, Carlee Heger (Tetiaroa Society)",80,-149.56211,-16.989058,80 Auroa 291121,11.9,-7.97,0.59,29.77,,,,,,,,,
29-Nov-21,Nov,2021,Auroa,ATA,"Jayna DeVore, Carlee Heger (Tetiaroa Society)",81,-149.56213,-16.988608,81 Auroa 291121,14.58,-8.48,0.68,27.8,,,,,,,,,
29-Nov-21,Nov,2021,Auroa,ATA,"Jayna DeVore, Carlee Heger (Tetiaroa Society)",82,-149.56212,-16.988159,82 Auroa 291121,16.64,-10.2,0.88,28.16,,,,,,,,,
29-Nov-21,Nov,2021,Auroa,ATA,"Jayna DeVore, Carlee Heger (Tetiaroa Society)",83,-149.5621,-16.987677,83 Auroa 291121,15.4,-8.64,0.9,31.35,,,,,,,,,
10-Nov-21,Nov,2021,Auroa,ATA,"Hannah Epstein, Kal Bistolas (OSU)",84,-149.56211,-16.98722,,,,,,SAME GPS AS POINT 129 - so use those data,,,,,,,,
10-Nov-21,Nov,2021,Auroa,ATA,"Hannah Epstein, Kal Bistolas (OSU)",85,-149.56211,-16.987213,,,,,,SAME GPS AS POINT 129 - so use those data,,,,,,,,
29-Nov-21,Nov,2021,Auroa,ATA,"Jayna DeVore, Carlee Heger (Tetiaroa Society)",129,-149.56211,-16.987216,129T Auroa 291121,14.47,-9.03,0.76,25.81,,,,,,,,,
29-Nov-21,Nov,2021,Auroa,ATA,"Jayna DeVore, Carlee Heger (Tetiaroa Society)",130,-149.5623,-16.986791,130T Auroa 291121,15.38,-8.73,0.92,29.85,,,,,,,,,
29-Nov-21,Nov,2021,Auroa,ATA,"Jayna DeVore, Carlee Heger (Tetiaroa Society)",131,-149.56247,-16.98634,131T Auroa 291121,13.05,-8.1,0.73,28.52,,,,,,,,,
29-Nov-21,Nov,2021,Auroa,ATA,"Jayna DeVore, Carlee Heger (Tetiaroa Society)",132,-149.56265,-16.985917,132T Auroa 291121,14,-8.8,0.88,29.77,,,,,,,,,
29-Nov-21,Nov,2021,Auroa,ATA,"Jayna DeVore, Carlee Heger (Tetiaroa Society)",133,-149.5626,-16.985467,133T Auroa 291121,12.8,-9.98,0.79,26.21,,,,,,,,,
29-Nov-21,Nov,2021,Auroa,ATA,"Jayna DeVore, Carlee Heger (Tetiaroa Society)",134,-149.56285,-16.985089,134T Auroa 291121,13.8,-9.89,0.84,26.82,,,,,,,,,
29-Nov-21,Nov,2021,Auroa,ATA,"Jayna DeVore, Carlee Heger (Tetiaroa Society)",135,-149.56317,-16.985288,135T Auroa 291121,13.35,-9.15,0.73,24.98,,,,,,,,,
29-Nov-21,Nov,2021,Auroa,ATA,"Jayna DeVore, Carlee Heger (Tetiaroa Society)",136,-149.56327,-16.985731,136T Auroa 291121,14.05,-9.54,0.79,26.43,,,,,,,,,
29-Nov-21,Nov,2021,Auroa,ATA,"Jayna DeVore, Carlee Heger (Tetiaroa Society)",137,-149.56341,-16.986185,137T Auroa 291121,12.04,-7.73,0.7,26.22,,,,,,,,,
29-Nov-21,Nov,2021,Auroa,ATA,"Jayna DeVore, Carlee Heger (Tetiaroa Society)",138,-149.5635,-16.986617,138T Auroa 291121,13.49,-8.97,0.79,25.58,,,,,,,,,
29-Nov-21,Nov,2021,Auroa,ATA,"Jayna DeVore, Carlee Heger (Tetiaroa Society)",139,-149.56369,-16.98705,139T Auroa 291121,13.89,-9.04,0.97,31.31,,,,,,,,,
29-Nov-21,Nov,2021,Auroa,ATA,"Jayna DeVore, Carlee Heger (Tetiaroa Society)",140,-149.56371,-16.98747,140T Auroa 291121,12.31,-10.81,0.83,28.42,,,,,,,,,
29-Nov-21,Nov,2021,Auroa,ATA,"Jayna DeVore, Carlee Heger (Tetiaroa Society)",141,-149.56294,-16.989183,141T Auroa 291121,14.88,-9.11,0.68,27.61,,,,,,,,,
29-Nov-21,Nov,2021,Auroa,ATA,"Jayna DeVore, Carlee Heger (Tetiaroa Society)",142,-149.56247,-16.98914,142T Auroa 291121,11.94,-8.8,0.5,27.78,,,,,,,,,
11-Nov-21,Nov,2021,Oroatera,ATA,"Hannah Epstein, Kal Bistolas (OSU)",346,-149.54353,-16.997139,,,,,,"On original GPS sheet, but no other record of this sample. ",,,,,,,,
11-Nov-21,Nov,2021,Oroatera,ATA,"Hannah Epstein, Kal Bistolas (OSU)",347,-149.54354,-16.996845,341 _11/11/21,6.67,-7.68,0.52,30.42,"Mislabelled in analysis vial as 341, but definitely 347",,,,,,,,
11-Nov-21,Nov,2021,Oroatera,ATA,"Hannah Epstein, Kal Bistolas (OSU)",348,-149.54482,-16.991204,348 _11/11/21,9.75,-8.8,0.54,27.97,,,,,,,,,
11-Nov-21,Nov,2021,Oroatera,ATA,"Hannah Epstein, Kal Bistolas (OSU)",349,-149.54516,-16.991098,349 _11/11/21,10.54,-8.71,0.45,28.16,,,,,,,,,
11-Nov-21,Nov,2021,Oroatera,ATA,"Hannah Epstein, Kal Bistolas (OSU)",350,-149.54553,-16.991034,350 _11/11/21,9.33,-8.3,0.5,28.05,,,,,,,,,
11-Nov-21,Nov,2021,Oroatera,ATA,"Hannah Epstein, Kal Bistolas (OSU)",351,-149.54596,-16.990882,351 _11/11/21,11.25,-9.83,0.72,25.83,,,,,,,,,
11-Nov-21,Nov,2021,Oroatera,ATA,"Hannah Epstein, Kal Bistolas (OSU)",352,-149.5465,-16.990848,352 _11/11/21,11.33,-10.11,0.74,26.2,,,,,,,,,
11-Nov-21,Nov,2021,Oroatera,ATA,"Hannah Epstein, Kal Bistolas (OSU)",353,-149.54692,-16.990811,353 _11/11/21,11.07,-10.51,0.75,26.45,,,,,,,,,
11-Nov-21,Nov,2021,Oroatera,ATA,"Hannah Epstein, Kal Bistolas (OSU)",354,-149.54731,-16.990779,354 _11/11/21,12.04,-10.84,0.63,27.21,,,,,,,,,
11-Nov-21,Nov,2021,Oroatera,ATA,"Hannah Epstein, Kal Bistolas (OSU)",355,-149.54782,-16.990748,355 _11/11/21,11.04,-9.52,0.65,26.61,,,,,,,,,
11-Nov-21,Nov,2021,Oroatera,ATA,"Hannah Epstein, Kal Bistolas (OSU)",356,-149.54809,-16.990799,356 _11/11/21,11.78,-10.5,0.55,25.65,,,,,,,,,
11-Nov-21,Nov,2021,Oroatera,ATA,"Hannah Epstein, Kal Bistolas (OSU)",357,-149.5485,-16.99084,357 _11/11/21,10.12,-10.28,0.53,27.15,,,,,,,,,
11-Nov-21,Nov,2021,Oroatera,ATA,"Hannah Epstein, Kal Bistolas (OSU)",358,-149.54881,-16.990852,358 _11/11/21,9.9,-10.71,0.47,27.23,,,,,,,,,
11-Nov-21,Nov,2021,Oroatera,ATA,"Hannah Epstein, Kal Bistolas (OSU)",359,-149.54924,-16.990806,359 _11/11/21,10.71,-11.03,0.52,27.26,,,,,,,,,
11-Nov-21,Nov,2021,Oroatera,ATA,"Hannah Epstein, Kal Bistolas (OSU)",360,-149.54952,-16.990691,360 _11/11/21,11.92,-8.72,0.53,26.17,,,,,,,,,
11-Nov-21,Nov,2021,Oroatera,ATA,"Hannah Epstein, Kal Bistolas (OSU)",361,-149.54998,-16.990688,361 _11/11/21,12.03,-8.34,0.53,27.3,,,,,,,,,
11-Nov-21,Nov,2021,Oroatera,ATA,"Hannah Epstein, Kal Bistolas (OSU)",362,-149.55039,-16.990748,362 _11/11/21,11.71,-10.03,0.52,26.62,,,,,,,,,
11-Nov-21,Nov,2021,Oroatera,ATA,"Hannah Epstein, Kal Bistolas (OSU)",363,-149.55091,-16.990782,363 _11/11/21,12.68,-10.01,0.58,27.45,,,,,,,,,
11-Nov-21,Nov,2021,Oroatera,ATA,"Hannah Epstein, Kal Bistolas (OSU)",364,-149.55131,-16.990909,364 _11/11/21,12.25,-10.33,0.57,26.53,,,,,,,,,
11-Nov-21,Nov,2021,Oroatera,ATA,"Hannah Epstein, Kal Bistolas (OSU)",365,-149.55178,-16.991124,365 _11/11/21,9.99,-7.86,0.4,28.83,,,,,,,,,
11-Nov-21,Nov,2021,Oroatera,ATA,"Hannah Epstein, Kal Bistolas (OSU)",366,-149.55214,-16.991178,366 _11/11/21,10.77,-9.72,0.55,28.11,,,,,,,,,
7-Nov-21,Nov,2021,Hiranae,ATA,"Hannah Epstein, Kal Bistolas (OSU)",368,-149.55409,-16.990375,368 HIR 07/11/21,11.04,-9.25,0.57,27.47,,,,,,,,,
7-Nov-21,Nov,2021,Hiranae,ATA,"Hannah Epstein, Kal Bistolas (OSU)",369,-149.55424,-16.990149,369 HIR 07/11/21,9.99,-8.78,0.46,26.75,,,,,,,,,
7-Nov-21,Nov,2021,Hiranae,ATA,"Hannah Epstein, Kal Bistolas (OSU)",370,-149.5546,-16.989873,370 HIR 07/11/21,10,-9.85,0.54,27.69,,,,,,,,,
7-Nov-21,Nov,2021,Hiranae,ATA,"Hannah Epstein, Kal Bistolas (OSU)",371,-149.555,-16.989682,371 HIR 07/11/21,9.9,-9.06,0.5,28.16,,,,,,,,,
7-Nov-21,Nov,2021,Hiranae,ATA,"Hannah Epstein, Kal Bistolas (OSU)",372,-149.55551,-16.989582,372 HIR 07/11/21,9.91,-9.49,0.4,27.98,,,,,,,,,
7-Nov-21,Nov,2021,Hiranae,ATA,"Hannah Epstein, Kal Bistolas (OSU)",373,-149.556,-16.989423,373 HIR 07/11/21,9.98,-10.09,0.43,27.19,,,,,,,,,
7-Nov-21,Nov,2021,Hiranae,ATA,"Hannah Epstein, Kal Bistolas (OSU)",374,-149.55641,-16.989179,374 HIR 07/11/21,10.51,-8.44,0.46,27.77,,,,,,,,,
7-Nov-21,Nov,2021,Hiranae,ATA,"Hannah Epstein, Kal Bistolas (OSU)",375,-149.55674,-16.989005,375 HIR 07/11/21,9.98,-10.25,0.36,26.82,,,,,,,,,
7-Nov-21,Nov,2021,Hiranae,ATA,"Hannah Epstein, Kal Bistolas (OSU)",376,-149.55742,-16.988791,376 HIR 07/11/21,11.24,-10.3,0.42,26.37,,,,,,,,,
7-Nov-21,Nov,2021,Hiranae,ATA,"Hannah Epstein, Kal Bistolas (OSU)",377,-149.5578,-16.988813,377 HIR 07/11/21,10.22,-8.74,0.41,28.11,,,,,,,,,
7-Nov-21,Nov,2021,Hiranae,ATA,"Hannah Epstein, Kal Bistolas (OSU)",378,-149.55849,-16.989084,378 HIR 07/11/21,9.2,-9.64,0.53,27.75,,,,,,,,,
7-Nov-21,Nov,2021,Hiranae,ATA,"Hannah Epstein, Kal Bistolas (OSU)",379,-149.55898,-16.989219,379 HIR 07/11/21,10.55,-10.69,0.47,28.24,,,,,,,,,
7-Nov-21,Nov,2021,Hiranae,ATA,"Hannah Epstein, Kal Bistolas (OSU)",380,-149.55939,-16.989372,380 HIR 07/11/21,13.24,-11.44,0.63,27.3,,,,,,,,,
7-Nov-21,Nov,2021,Hiranae,ATA,"Hannah Epstein, Kal Bistolas (OSU)",381,-149.56001,-16.989438,381 HIR 07/11/21,14.22,-10.82,0.63,25.98,,,,,,,,,
7-Nov-21,Nov,2021,Hiranae,ATA,"Hannah Epstein, Kal Bistolas (OSU)",382,-149.56051,-16.989095,382 HIR 07/11/21,13.35,-9.74,0.78,26.59,,,,,,,,,
7-Nov-21,Nov,2021,Hiranae,ATA,"Hannah Epstein, Kal Bistolas (OSU)",383,-149.56055,-16.988731,383 HIR 07/11/21,12.02,-8.4,0.5,26.75,,,,,,,,,
7-Nov-21,Nov,2021,Hiranae,ATA,"Hannah Epstein, Kal Bistolas (OSU)",384,-149.56061,-16.988109,384 HIR 07/11/21,12.29,-9.74,0.67,27.62,,,,,,,,,
7-Nov-21,Nov,2021,Hiranae,ATA,"Hannah Epstein, Kal Bistolas (OSU)",385,-149.5603,-16.987769,385 HIR 07/11/21,11.68,-9.22,0.63,27.97,,,,,,,,,
7-Nov-21,Nov,2021,Hiranae,ATA,"Hannah Epstein, Kal Bistolas (OSU)",386,-149.56012,-16.987382,386 HIR 07/11/21,11.22,-9.12,0.58,27.11,,,,,,,,,
7-Nov-21,Nov,2021,Hiranae,ATA,"Hannah Epstein, Kal Bistolas (OSU)",387,-149.55992,-16.986937,387 HIR 07/11/21,11.22,-8.14,0.6,27.86,,,,,,,,,
7-Nov-21,Nov,2021,Hiranae,ATA,*no algae found nov 2021,388,-149.55969,-16.986594,,,,,,,,,,,,,,
9-Nov-21,Nov,2021,Tiaraunu Hoa,ATA,*no algae found nov 2021,389,-149.56631,-16.988271,,,,,,,,,,,,,,
9-Nov-21,Nov,2021,Tiaraunu Hoa,ATA,"Hannah Epstein, Kal Bistolas (OSU)",390,-149.56616,-16.98765,390 _09/11/21,11.68,-8.97,0.79,27.91,,,,,,,,,
9-Nov-21,Nov,2021,Tiaraunu Hoa,ATA,"Hannah Epstein, Kal Bistolas (OSU)",391,-149.56607,-16.987034,391 _09/11/21,10.77,-8.26,0.5,27.26,,,,,,,,,
9-Nov-21,Nov,2021,Tiaraunu Hoa,ATA,"Hannah Epstein, Kal Bistolas (OSU)",392,-149.56613,-16.986478,392 _09/11/21,10.83,-7.24,0.6,26.46,,,,,,,,,
9-Nov-21,Nov,2021,Tiaraunu Hoa,ATA,"Hannah Epstein, Kal Bistolas (OSU)",393,-149.56621,-16.986039,393 _09/11/21,11.27,-8.36,0.73,26.27,,,,,,,,,
9-Nov-21,Nov,2021,Tiaraunu Hoa,ATA,"Hannah Epstein, Kal Bistolas (OSU)",394,-149.56633,-16.985605,394 _09/11/21,12.32,-8.82,0.68,26.4,,,,,,,,,
9-Nov-21,Nov,2021,Tiaraunu Hoa,ATA,"Hannah Epstein, Kal Bistolas (OSU)",395,-149.56649,-16.984982,395 _09/11/21,9.54,-7.21,0.49,26.8,,,,,,,,,
9-Nov-21,Nov,2021,Tiaraunu Hoa,ATA,"Hannah Epstein, Kal Bistolas (OSU)",396,-149.56667,-16.984275,396 _09/11/21,9.36,-9.23,0.56,26.42,,,,,,,,,
9-Nov-21,Nov,2021,Tiaraunu Hoa,ATA,"Hannah Epstein, Kal Bistolas (OSU)",397,-149.56682,-16.983991,397 _09/11/21,8.24,-8.77,0.65,26.73,,,,,,,,,
9-Nov-21,Nov,2021,Tiaraunu,ATA,"Hannah Epstein, Kal Bistolas (OSU)",398,-149.56713,-16.989349,398 _09/11/21,12.18,-10.27,0.54,27.16,,,,,,,,,
9-Nov-21,Nov,2021,Tiaraunu,ATA,*no algae found nov 2021,399,-149.56776,-16.989092,,,,,,,,,,,,,,
9-Nov-21,Nov,2021,Tiaraunu,ATA,"Hannah Epstein, Kal Bistolas (OSU)",400,-149.56913,-16.98807,400 _09/11/21,6.25,-8.39,0.31,29.5,,,,,,,,,
9-Nov-21,Nov,2021,Tiaraunu,ATA,*no algae found nov 2021,401,-149.56952,-16.987914,,,,,,,,,,,,,,
9-Nov-21,Nov,2021,Tiaraunu,ATA,"Hannah Epstein, Kal Bistolas (OSU)",402,-149.57001,-16.987686,402 _09/11/21,6.2,-8.6,0.44,28.7,,,,,,,,,
9-Nov-21,Nov,2021,Tiaraunu,ATA,"Hannah Epstein, Kal Bistolas (OSU)",403,-149.57051,-16.98766,403 _09/11/21,5.78,-8.41,0.46,28.24,,,,,,,,,
9-Nov-21,Nov,2021,Tiaraunu,ATA,"Hannah Epstein, Kal Bistolas (OSU)",404,-149.57107,-16.987705,404 _09/11/21,5.63,-8.69,0.44,29.24,,,,,,,,,
9-Nov-21,Nov,2021,Tiaraunu,ATA,"Hannah Epstein, Kal Bistolas (OSU)",405,-149.57171,-16.987853,405 _09/11/21,6.18,-9.42,0.5,27.24,,,,,,,,,
9-Nov-21,Nov,2021,Tiaraunu,ATA,"Hannah Epstein, Kal Bistolas (OSU)",406,-149.57226,-16.987895,406 _09/11/21,5.88,-10.17,0.49,27.21,,,,,,,,,
9-Nov-21,Nov,2021,Tiaraunu,ATA,"Hannah Epstein, Kal Bistolas (OSU)",407,-149.57286,-16.987839,407 _09/11/21,6.21,-9.01,0.55,27.35,,,,,,,,,
4-Nov-21,Nov,2021,Tiaraunu,ATA,"Hannah Epstein, Kal Bistolas (OSU)",408,-149.5735,-16.987889,408 _04/11/21,5.51,-9.72,0.49,29.8,,,,,,,,,
4-Nov-21,Nov,2021,Tiaraunu,ATA,"Hannah Epstein, Kal Bistolas (OSU)",409,-149.57401,-16.988101,409 _04/11/21,5.27,-10.4,0.42,27.39,,,,,,,,,
4-Nov-21,Nov,2021,Tiaraunu,ATA,*no algae found nov 2021,410,-149.5746,-16.988586,,,,,,,,,,,,,,
4-Nov-21,Nov,2021,Tiaraunu,ATA,"Hannah Epstein, Kal Bistolas (OSU)",411,-149.57503,-16.988924,411 _04/11/21,5.19,-9.99,0.43,29.34,,,,,,,,,
4-Nov-21,Nov,2021,Tiaraunu,ATA,"Hannah Epstein, Kal Bistolas (OSU)",412,-149.57554,-16.98953,412 _04/11/21,4.86,-9.63,0.45,30.35,,,,,,,,,
4-Nov-21,Nov,2021,Tiaraunu,ATA,"Hannah Epstein, Kal Bistolas (OSU)",413,-149.57601,-16.990189,413 _04/11/21,5.12,-9.39,0.51,30.16,,,,,,,,,
4-Nov-21,Nov,2021,Tiaraunu,ATA,*no algae found nov 2021,414,-149.57672,-16.991015,,,,,,,,,,,,,,
3-Dec-21,Nov,2021,Onetahi,ATA,"Jayna DeVore, Carlee Heger (Tetiaroa Society)",415,-149.59344,-17.016171,415_Onetahi 281121,4.59,-6.95,0.45,26.93,,,,,,,,,
3-Dec-21,Nov,2021,Onetahi,ATA,"Jayna DeVore, Carlee Heger (Tetiaroa Society)",416,-149.59385,-17.016684,416 Onetahi 281121,5.39,-5.96,0.65,27.7,,,,,,,,,
3-Dec-21,Nov,2021,Onetahi,ATA,"Jayna DeVore, Carlee Heger (Tetiaroa Society)",417,-149.59425,-17.017168,417 Onetahi 281121,4.12,-8.21,0.54,29.77,,,,,,,,,
3-Dec-21,Nov,2021,Onetahi,ATA,"Jayna DeVore, Carlee Heger (Tetiaroa Society)",418,-149.59458,-17.017658,418_Onetahi 281121,5.18,-7.9,0.66,32.2,,,,,,,,,
3-Dec-21,Nov,2021,Onetahi,ATA,"Jayna DeVore, Carlee Heger (Tetiaroa Society)",419,-149.59485,-17.017934,419_Onetahi 281121,3.75,-9.17,0.56,33.83,,,,,,,,,
3-Dec-21,Nov,2021,Onetahi,ATA,"Jayna DeVore, Carlee Heger (Tetiaroa Society)",420,-149.59513,-17.018387,420 Onetahi 281121,3.19,-9.65,0.44,31.16,,,,,,,,,
3-Dec-21,Nov,2021,Onetahi,ATA,"Jayna DeVore, Carlee Heger (Tetiaroa Society)",421,-149.5956,-17.018833,421_Onetahi 281121,3.77,-8.9,0.4,29.93,,,,,,,,,
3-Dec-21,Nov,2021,Onetahi,ATA,"Jayna DeVore, Carlee Heger (Tetiaroa Society)",422,-149.59596,-17.019235,422 Onetahi 281121,4.77,-8.4,0.65,33.18,,,,,,,,,
3-Dec-21,Nov,2021,Onetahi,ATA,"Jayna DeVore, Carlee Heger (Tetiaroa Society)",423,-149.59663,-17.02007,423 Onetahi 281121,3.34,-7.42,0.47,30.45,,,,,,,,,
3-Dec-21,Nov,2021,Onetahi,ATA,"Jayna DeVore, Carlee Heger (Tetiaroa Society)",424,-149.59663,-17.021052,424_Onetahi 281121,3.53,-8.02,0.42,32.23,,,,,,,,,
3-Dec-21,Nov,2021,Onetahi,ATA,"Jayna DeVore, Carlee Heger (Tetiaroa Society)",425,-149.59666,-17.021656,425_Onetahi 281121,3.27,-9.37,0.3,28.71,,,,,,,,,
3-Dec-21,Nov,2021,Onetahi,ATA,"Jayna DeVore, Carlee Heger (Tetiaroa Society)",426,-149.59679,-17.022314,426 Onetahi 281121,4.4,-8.24,0.62,33.73,,,,,,,,,
3-Dec-21,Nov,2021,Onetahi,ATA,"Jayna DeVore, Carlee Heger (Tetiaroa Society)",427,-149.59672,-17.023131,427_Onetahi 281121,4.22,-8.14,0.34,28.81,,,,,,,,,
3-Dec-21,Nov,2021,Onetahi,ATA,*no algae found nov 2021,428,-149.59664,-17.023659,,,,,,,,,,,,,,
3-Dec-21,Nov,2021,Onetahi,ATA,"Jayna DeVore, Carlee Heger (Tetiaroa Society)",429,-149.59025,-17.023258,429_Onetahi 281121,8.61,-8.16,0.77,26.4,,,,,,,,,
3-Dec-21,Nov,2021,Onetahi,ATA,"Jayna DeVore, Carlee Heger (Tetiaroa Society)",430,-149.58965,-17.022287,430_Onetahi 281121,14.04,-7.63,0.85,28.03,,,,,,,,,
3-Dec-21,Nov,2021,Onetahi,ATA,*no algae found nov 2021,431,-149.5889,-17.021514,,,,,,,,,,,,,,
3-Dec-21,Nov,2021,Onetahi,ATA,"Jayna DeVore, Carlee Heger (Tetiaroa Society)",432,-149.58833,-17.019417,432_Onetahi 281121,5.9,-8.71,0.53,27.7,,,,,,,,,
4-Nov-21,Nov,2021,Tiaraunu,ATA,"Hannah Epstein, Kal Bistolas (OSU)",433,-149.58267,-17.003596,433 _04/11/21,4.5,-9.29,0.32,30.77,,,,,,,,,
4-Nov-21,Nov,2021,Tiaraunu,ATA,"Hannah Epstein, Kal Bistolas (OSU)",434,-149.58175,-17.003266,434 _04/11/21,3.98,-9.23,0.38,31.15,,,,,,,,,
4-Nov-21,Nov,2021,Tiaraunu,ATA,"Hannah Epstein, Kal Bistolas (OSU)",435,-149.58129,-17.003037,435 _04/11/21,3.83,-10.29,0.33,33.01,,,,,,,,,
4-Nov-21,Nov,2021,Tiaraunu,ATA,"Hannah Epstein, Kal Bistolas (OSU)",436,-149.57994,-16.997629,436 _04/11/21,4.79,-8.83,0.46,30.92,,,,,,,,,
4-Nov-21,Nov,2021,Tiaraunu,ATA,"Hannah Epstein, Kal Bistolas (OSU)",437,-149.57979,-16.997037,437 _04/11/21,4.98,-9.12,0.42,29.46,,,,,,,,,
4-Nov-21,Nov,2021,Tiaraunu,ATA,"Hannah Epstein, Kal Bistolas (OSU)",438,-149.57928,-16.996378,438 _04/11/21,3.93,-8.1,0.47,28.5,,,,,,,,,
4-Nov-21,Nov,2021,Tiaraunu,ATA,"Hannah Epstein, Kal Bistolas (OSU)",439,-149.57903,-16.995534,439 _04/11/21,5.16,-9.26,0.49,28.71,,,,,,,,,
4-Nov-21,Nov,2021,Tiaraunu,ATA,"Hannah Epstein, Kal Bistolas (OSU)",440,-149.57858,-16.994578,440 _04/11/21,5.11,-10.46,0.46,32.52,,,,,,,,,
4-Nov-21,Nov,2021,Tiaraunu,ATA,"Hannah Epstein, Kal Bistolas (OSU)",441,-149.57823,-16.993925,441 _04/11/21,4.59,-9.86,0.34,32.31,,,,,,,,,
4-Nov-21,Nov,2021,Tiaraunu,ATA,"Hannah Epstein, Kal Bistolas (OSU)",442,-149.57752,-16.992734,442 _04/11/21,4.37,-10.07,0.47,32.16,,,,,,,,,
4-Nov-21,Nov,2021,Tiaraunu,ATA,"Hannah Epstein, Kal Bistolas (OSU)",443,-149.5772,-16.991773,443 _04/11/21,4.09,-9.29,0.43,31.66,,,,,,,,,
6-Nov-21,Nov,2021,Onetahi,ATA,"Hannah Epstein, Kal Bistolas (OSU)",444,-149.58795,-17.0182,444 _06/11/21,5.25,-7.07,0.52,27.32,,,,,,,,,
6-Nov-21,Nov,2021,Onetahi,ATA,"Hannah Epstein, Kal Bistolas (OSU)",445,-149.58726,-17.016602,445 _06/11/21,4.56,-7.87,0.39,29.51,,,,,,,,,
6-Nov-21,Nov,2021,Onetahi,ATA,"Hannah Epstein, Kal Bistolas (OSU)",446,-149.58654,-17.013426,446 _06/11/21,3.89,-7.43,0.42,28.35,,,,,,,,,
6-Nov-21,Nov,2021,Onetahi,ATA,"Hannah Epstein, Kal Bistolas (OSU)",447,-149.58764,-17.013294,447 _06/11/21,5.01,-7.52,0.72,26.52,,,,,,,,,
6-Nov-21,Nov,2021,Onetahi,ATA,"Hannah Epstein, Kal Bistolas (OSU)",448,-149.58892,-17.013607,448 _06/11/21,5.14,-7.27,0.67,27.52,,,,,,,,,
6-Nov-21,Nov,2021,Onetahi,ATA,"Hannah Epstein, Kal Bistolas (OSU)",449,-149.58955,-17.013694,449 _06/11/21,4.38,-7.77,0.66,26.86,,,,,,,,,
6-Nov-21,Nov,2021,Onetahi,ATA,"Hannah Epstein, Kal Bistolas (OSU)",450,-149.59023,-17.013865,450 _06/11/21,4.31,-7.53,0.69,26.91,,,,,,,,,
6-Nov-21,Nov,2021,Onetahi,ATA,"Hannah Epstein, Kal Bistolas (OSU)",451,-149.59072,-17.01402,451 _06/11/21,4.45,-7.87,0.81,26.54,,,,,,,,,
6-Nov-21,Nov,2021,Onetahi,ATA,"Hannah Epstein, Kal Bistolas (OSU)",452,-149.59164,-17.014438,452 _06/11/21,4.03,-7.28,0.68,25.77,,,,,,,,,
3-Dec-21,Nov,2021,Onetahi,ATA,"Jayna DeVore, Carlee Heger (Tetiaroa Society)",483,-149.59255,-17.023354,483_Onetahi 281121,4.05,-8.49,0.49,28.84,,,,,,,,,
3-Dec-21,Nov,2021,Onetahi,ATA,"Jayna DeVore, Carlee Heger (Tetiaroa Society)",484,-149.59589,-17.023999,484_Onetahi 281121,4.54,-8.41,0.4,27.58,,,,,,,,,