Date,Motu,Site,Transect,Distance,Benthos,Category,Notes
14-Nov-21,Aie,Exposed,1,0.5,sand,sand,next to bommie
14-Nov-21,Aie,Exposed,1,1,sand,sand,next to bommie
14-Nov-21,Aie,Exposed,1,1.5,sand,sand,
14-Nov-21,Aie,Exposed,1,2,rubble,rubble,
14-Nov-21,Aie,Exposed,1,2.5,sand,sand,
14-Nov-21,Aie,Exposed,1,3,porites,coral,
14-Nov-21,Aie,Exposed,1,3.5,rubble,rubble,
14-Nov-21,Aie,Exposed,1,4,sand,sand,next to bommie
14-Nov-21,Aie,Exposed,1,4.5,rubble,rubble,next to bommie
14-Nov-21,Aie,Exposed,1,5,rubble,rubble,
14-Nov-21,Aie,Exposed,1,5.5,rubble,rubble,
14-Nov-21,Aie,Exposed,1,6,rubble,rubble,
14-Nov-21,Aie,Exposed,1,6.5,rubble,rubble,
14-Nov-21,Aie,Exposed,1,7,rubble,rubble,
14-Nov-21,Aie,Exposed,1,7.5,rubble,rubble,
14-Nov-21,Aie,Exposed,1,8,rubble,rubble,
14-Nov-21,Aie,Exposed,1,8.5,rubble,rubble,
14-Nov-21,Aie,Exposed,1,9,sand,sand,
14-Nov-21,Aie,Exposed,1,9.5,sand,sand,
14-Nov-21,Aie,Exposed,1,10,rubble,rubble,
14-Nov-21,Aie,Exposed,1,10.5,rubble,rubble,
14-Nov-21,Aie,Exposed,1,11,rubble,rubble,
14-Nov-21,Aie,Exposed,1,11.5,sand,sand,
14-Nov-21,Aie,Exposed,1,12,sand,sand,
14-Nov-21,Aie,Exposed,1,12.5,rubble,rubble,
14-Nov-21,Aie,Exposed,1,13,sand,sand,
14-Nov-21,Aie,Exposed,1,13.5,sand,sand,
14-Nov-21,Aie,Exposed,1,14,sand,sand,
14-Nov-21,Aie,Exposed,1,14.5,sand,sand,
14-Nov-21,Aie,Exposed,1,15,rubble,rubble,
14-Nov-21,Aie,Exposed,1,15.5,porites,coral,
14-Nov-21,Aie,Exposed,1,16,porites,coral,
14-Nov-21,Aie,Exposed,1,16.5,sand,sand,next to bommie
14-Nov-21,Aie,Exposed,1,17,porites,coral,
14-Nov-21,Aie,Exposed,1,17.5,porites,coral,
14-Nov-21,Aie,Exposed,1,18,sand,sand,next to bommie
14-Nov-21,Aie,Exposed,1,18.5,porites,coral,
14-Nov-21,Aie,Exposed,1,19,porites,coral,
14-Nov-21,Aie,Exposed,1,19.5,sand,sand,
14-Nov-21,Aie,Exposed,1,20,sand,sand,
14-Nov-21,Aie,Exposed,1,20.5,sand,sand,
14-Nov-21,Aie,Exposed,1,21,porites,coral,
14-Nov-21,Aie,Exposed,1,21.5,sand,sand,
14-Nov-21,Aie,Exposed,1,22,porites,coral,
14-Nov-21,Aie,Exposed,1,22.5,porites,coral,
14-Nov-21,Aie,Exposed,1,23,sand,sand,
14-Nov-21,Aie,Exposed,1,23.5,rubble,rubble,
14-Nov-21,Aie,Exposed,1,24,sand,sand,
14-Nov-21,Aie,Exposed,1,24.5,sand,sand,
14-Nov-21,Aie,Exposed,1,25,sand,sand,
14-Nov-21,Aie,Exposed,1,25.5,rubble,rubble,
14-Nov-21,Aie,Exposed,1,26,porites,coral,
14-Nov-21,Aie,Exposed,1,26.5,porites,coral,
14-Nov-21,Aie,Exposed,1,27,rubble,rubble,
14-Nov-21,Aie,Exposed,1,27.5,rubble,rubble,
14-Nov-21,Aie,Exposed,1,28,rubble,rubble,
14-Nov-21,Aie,Exposed,1,28.5,sand,sand,next to bommie
14-Nov-21,Aie,Exposed,1,29,pavement/sand,pavement,
14-Nov-21,Aie,Exposed,1,29.5,rubble,rubble,
14-Nov-21,Aie,Exposed,1,30,rubble,rubble,
14-Nov-21,Aie,Exposed,2,0.5,sand,sand,
14-Nov-21,Aie,Exposed,2,1,sand,sand,
14-Nov-21,Aie,Exposed,2,1.5,porites,coral,
14-Nov-21,Aie,Exposed,2,2,sand,sand,
14-Nov-21,Aie,Exposed,2,2.5,rubble,rubble,
14-Nov-21,Aie,Exposed,2,3,rubble,rubble,
14-Nov-21,Aie,Exposed,2,3.5,sand,sand,next to bommie
14-Nov-21,Aie,Exposed,2,4,porites,coral,
14-Nov-21,Aie,Exposed,2,4.5,sand,sand,
14-Nov-21,Aie,Exposed,2,5,rubble,rubble,
14-Nov-21,Aie,Exposed,2,5.5,rubble,rubble,
14-Nov-21,Aie,Exposed,2,6,rubble,rubble,
14-Nov-21,Aie,Exposed,2,6.5,rubble,rubble,
14-Nov-21,Aie,Exposed,2,7,porites,coral,
14-Nov-21,Aie,Exposed,2,7.5,rubble,rubble,
14-Nov-21,Aie,Exposed,2,8,rubble,rubble,
14-Nov-21,Aie,Exposed,2,8.5,rubble,rubble,
14-Nov-21,Aie,Exposed,2,9,rubble,rubble,
14-Nov-21,Aie,Exposed,2,9.5,porites,coral,
14-Nov-21,Aie,Exposed,2,10,porites,coral,
14-Nov-21,Aie,Exposed,2,10.5,sand,sand,
14-Nov-21,Aie,Exposed,2,11,rubble,rubble,
14-Nov-21,Aie,Exposed,2,11.5,porites,coral,
14-Nov-21,Aie,Exposed,2,12,rubble,rubble,
14-Nov-21,Aie,Exposed,2,12.5,rubble,rubble,
14-Nov-21,Aie,Exposed,2,13,porites,coral,
14-Nov-21,Aie,Exposed,2,13.5,rubble,rubble,
14-Nov-21,Aie,Exposed,2,14,pavement/sand,pavement,
14-Nov-21,Aie,Exposed,2,14.5,pavement/sand,pavement,
14-Nov-21,Aie,Exposed,2,15,pavement/sand,pavement,
14-Nov-21,Aie,Exposed,2,15.5,pavement/sand,pavement,
14-Nov-21,Aie,Exposed,2,16,pavement/sand,pavement,
14-Nov-21,Aie,Exposed,2,16.5,pavement/sand,pavement,
14-Nov-21,Aie,Exposed,2,17,pavement/sand,pavement,
14-Nov-21,Aie,Exposed,2,17.5,pavement/sand,pavement,
14-Nov-21,Aie,Exposed,2,18,sand,sand,
14-Nov-21,Aie,Exposed,2,18.5,clam,clam,
14-Nov-21,Aie,Exposed,2,19,pavement/sand,pavement,
14-Nov-21,Aie,Exposed,2,19.5,porites,coral,
14-Nov-21,Aie,Exposed,2,20,sand,sand,next to bommie
14-Nov-21,Aie,Exposed,2,20.5,sand,sand,
14-Nov-21,Aie,Exposed,2,21,sand,sand,
14-Nov-21,Aie,Exposed,2,21.5,sand,sand,
14-Nov-21,Aie,Exposed,2,22,sand,sand,
14-Nov-21,Aie,Exposed,2,22.5,sand,sand,
14-Nov-21,Aie,Exposed,2,23,sand,sand,
14-Nov-21,Aie,Exposed,2,23.5,sand,sand,
14-Nov-21,Aie,Exposed,2,24,rubble,rubble,
14-Nov-21,Aie,Exposed,2,24.5,rubble,rubble,
14-Nov-21,Aie,Exposed,2,25,sand,sand,
14-Nov-21,Aie,Exposed,2,25.5,sand,sand,
14-Nov-21,Aie,Exposed,2,26,sand,sand,
14-Nov-21,Aie,Exposed,2,26.5,pavement/sand,pavement,
14-Nov-21,Aie,Exposed,2,27,porites,coral,
14-Nov-21,Aie,Exposed,2,27.5,sand,sand,next to bommie
14-Nov-21,Aie,Exposed,2,28,pavement/sand,pavement,
14-Nov-21,Aie,Exposed,2,28.5,sand,sand,
14-Nov-21,Aie,Exposed,2,29,sand,sand,
14-Nov-21,Aie,Exposed,2,29.5,sand,sand,
14-Nov-21,Aie,Exposed,2,30,sand,sand,
14-Nov-21,Aie,Exposed,3,0.5,sand,sand,next to bommie
14-Nov-21,Aie,Exposed,3,1,pavement/sand,pavement,
14-Nov-21,Aie,Exposed,3,1.5,pavement/sand,pavement,
14-Nov-21,Aie,Exposed,3,2,sand,sand,
14-Nov-21,Aie,Exposed,3,2.5,sand,sand,
14-Nov-21,Aie,Exposed,3,3,sand,sand,
14-Nov-21,Aie,Exposed,3,3.5,sand,sand,
14-Nov-21,Aie,Exposed,3,4,sand,sand,next to bommie
14-Nov-21,Aie,Exposed,3,4.5,sand,sand,
14-Nov-21,Aie,Exposed,3,5,sand,sand,
14-Nov-21,Aie,Exposed,3,5.5,sand,sand,
14-Nov-21,Aie,Exposed,3,6,sand,sand,
14-Nov-21,Aie,Exposed,3,6.5,sand,sand,
14-Nov-21,Aie,Exposed,3,7,sand,sand,
14-Nov-21,Aie,Exposed,3,7.5,sand,sand,
14-Nov-21,Aie,Exposed,3,8,sand,sand,next to bommie
14-Nov-21,Aie,Exposed,3,8.5,pavement/sand,pavement,
14-Nov-21,Aie,Exposed,3,9,pavement/sand,pavement,
14-Nov-21,Aie,Exposed,3,9.5,sand,sand,
14-Nov-21,Aie,Exposed,3,10,sand,sand,next to bommie
14-Nov-21,Aie,Exposed,3,10.5,porites,coral,
14-Nov-21,Aie,Exposed,3,11,sand,sand,
14-Nov-21,Aie,Exposed,3,11.5,sand,sand,
14-Nov-21,Aie,Exposed,3,12,sand,sand,next to bommie
14-Nov-21,Aie,Exposed,3,12.5,sand,sand,
14-Nov-21,Aie,Exposed,3,13,sand,sand,
14-Nov-21,Aie,Exposed,3,13.5,porites,coral,
14-Nov-21,Aie,Exposed,3,14,porites,coral,
14-Nov-21,Aie,Exposed,3,14.5,rubble,rubble,next to bommie
14-Nov-21,Aie,Exposed,3,15,sand,sand,next to bommie
14-Nov-21,Aie,Exposed,3,15.5,sand,sand,
14-Nov-21,Aie,Exposed,3,16,sand,sand,
14-Nov-21,Aie,Exposed,3,16.5,sand,sand,next to bommie
14-Nov-21,Aie,Exposed,3,17,porites,coral,
14-Nov-21,Aie,Exposed,3,17.5,porites,coral,
14-Nov-21,Aie,Exposed,3,18,rubble,rubble,
14-Nov-21,Aie,Exposed,3,18.5,sand,sand,
14-Nov-21,Aie,Exposed,3,19,sand,sand,
14-Nov-21,Aie,Exposed,3,19.5,sand,sand,
14-Nov-21,Aie,Exposed,3,20,sand,sand,
14-Nov-21,Aie,Exposed,3,20.5,sand,sand,
14-Nov-21,Aie,Exposed,3,21,sand,sand,
14-Nov-21,Aie,Exposed,3,21.5,sand,sand,
14-Nov-21,Aie,Exposed,3,22,sand,sand,
14-Nov-21,Aie,Exposed,3,22.5,sand,sand,next to bommie
14-Nov-21,Aie,Exposed,3,23,sand,sand,
14-Nov-21,Aie,Exposed,3,23.5,rubble,rubble,
14-Nov-21,Aie,Exposed,3,24,sand,sand,
14-Nov-21,Aie,Exposed,3,24.5,porites,coral,
14-Nov-21,Aie,Exposed,3,25,pavement/sand,pavement,
14-Nov-21,Aie,Exposed,3,25.5,porites,coral,
14-Nov-21,Aie,Exposed,3,26,rubble,rubble,
14-Nov-21,Aie,Exposed,3,26.5,sand,sand,next to bommie
14-Nov-21,Aie,Exposed,3,27,pavement/sand,pavement,
14-Nov-21,Aie,Exposed,3,27.5,sand,sand,
14-Nov-21,Aie,Exposed,3,28,sand,sand,
14-Nov-21,Aie,Exposed,3,28.5,sand,sand,
14-Nov-21,Aie,Exposed,3,29,sand,sand,
14-Nov-21,Aie,Exposed,3,29.5,sand,sand,
14-Nov-21,Aie,Exposed,3,30,sand,sand,
14-Nov-21,Aie,Exposed,4,0.5,montipora,coral,
14-Nov-21,Aie,Exposed,4,1,porites,coral,
14-Nov-21,Aie,Exposed,4,1.5,porites,coral,
14-Nov-21,Aie,Exposed,4,2,sand,sand,
14-Nov-21,Aie,Exposed,4,2.5,sand,sand,
14-Nov-21,Aie,Exposed,4,3,sand,sand,
14-Nov-21,Aie,Exposed,4,3.5,sand,sand,
14-Nov-21,Aie,Exposed,4,4,porites,coral,
14-Nov-21,Aie,Exposed,4,4.5,pavement/sand,pavement,
14-Nov-21,Aie,Exposed,4,5,pavement/sand,pavement,
14-Nov-21,Aie,Exposed,4,5.5,pavement/sand,pavement,
14-Nov-21,Aie,Exposed,4,6,rubble,rubble,
14-Nov-21,Aie,Exposed,4,6.5,pavement/sand,pavement,
14-Nov-21,Aie,Exposed,4,7,porites,coral,
14-Nov-21,Aie,Exposed,4,7.5,pavement/sand,pavement,
14-Nov-21,Aie,Exposed,4,8,pavement/sand,pavement,
14-Nov-21,Aie,Exposed,4,8.5,pavement/sand,pavement,
14-Nov-21,Aie,Exposed,4,9,porites,coral,
14-Nov-21,Aie,Exposed,4,9.5,pavement/sand,pavement,
14-Nov-21,Aie,Exposed,4,10,pavement/sand,pavement,
14-Nov-21,Aie,Exposed,4,10.5,sand,sand,
14-Nov-21,Aie,Exposed,4,11,sand,sand,
14-Nov-21,Aie,Exposed,4,11.5,sand,sand,
14-Nov-21,Aie,Exposed,4,12,sand,sand,next to bommie
14-Nov-21,Aie,Exposed,4,12.5,sand,sand,
14-Nov-21,Aie,Exposed,4,13,rubble,rubble,
14-Nov-21,Aie,Exposed,4,13.5,sand,sand,
14-Nov-21,Aie,Exposed,4,14,porites,coral,
14-Nov-21,Aie,Exposed,4,14.5,pavement/sand,pavement,
14-Nov-21,Aie,Exposed,4,15,sand,sand,next to bommie
14-Nov-21,Aie,Exposed,4,15.5,sand,sand,
14-Nov-21,Aie,Exposed,4,16,sand,sand,
14-Nov-21,Aie,Exposed,4,16.5,rubble,rubble,
14-Nov-21,Aie,Exposed,4,17,rubble,rubble,
14-Nov-21,Aie,Exposed,4,17.5,pavement/sand,pavement,
14-Nov-21,Aie,Exposed,4,18,sand,sand,
14-Nov-21,Aie,Exposed,4,18.5,sand,sand,
14-Nov-21,Aie,Exposed,4,19,sand,sand,
14-Nov-21,Aie,Exposed,4,19.5,sand,sand,
14-Nov-21,Aie,Exposed,4,20,pavement/sand,pavement,
14-Nov-21,Aie,Exposed,4,20.5,sand,sand,next to bommie
14-Nov-21,Aie,Exposed,4,21,sand,sand,next to bommie
14-Nov-21,Aie,Exposed,4,21.5,porites,coral,
14-Nov-21,Aie,Exposed,4,22,porites,coral,
14-Nov-21,Aie,Exposed,4,22.5,clam,clam,
14-Nov-21,Aie,Exposed,4,23,pavement/sand,pavement,
14-Nov-21,Aie,Exposed,4,23.5,sand,sand,
14-Nov-21,Aie,Exposed,4,24,porites,coral,
14-Nov-21,Aie,Exposed,4,24.5,sand,sand,
14-Nov-21,Aie,Exposed,4,25,sand,sand,
14-Nov-21,Aie,Exposed,4,25.5,sand,sand,next to bommie
14-Nov-21,Aie,Exposed,4,26,porites,coral,
14-Nov-21,Aie,Exposed,4,26.5,porites,coral,
14-Nov-21,Aie,Exposed,4,27,pavement/sand,pavement,
14-Nov-21,Aie,Exposed,4,27.5,porites,coral,
14-Nov-21,Aie,Exposed,4,28,pavement/sand,pavement,
14-Nov-21,Aie,Exposed,4,28.5,pavement/sand,pavement,
14-Nov-21,Aie,Exposed,4,29,pavement/sand,pavement,
14-Nov-21,Aie,Exposed,4,29.5,sand,sand,next to bommie
14-Nov-21,Aie,Exposed,4,30,pavement/sand,pavement,
14-Nov-21,Aie,Protected,1,0.5,porites,coral,
14-Nov-21,Aie,Protected,1,1,sand,sand,
14-Nov-21,Aie,Protected,1,1.5,sand,sand,next to bommie
14-Nov-21,Aie,Protected,1,2,pavement/sand,pavement,
14-Nov-21,Aie,Protected,1,2.5,porites,coral,
14-Nov-21,Aie,Protected,1,3,sand,sand,next to bommie
14-Nov-21,Aie,Protected,1,3.5,porites,coral,
14-Nov-21,Aie,Protected,1,4,pavement/sand,pavement,
14-Nov-21,Aie,Protected,1,4.5,porites,coral,
14-Nov-21,Aie,Protected,1,5,rubble,rubble,
14-Nov-21,Aie,Protected,1,5.5,rubble,rubble,
14-Nov-21,Aie,Protected,1,6,rubble,rubble,
14-Nov-21,Aie,Protected,1,6.5,pavement/sand,pavement,
14-Nov-21,Aie,Protected,1,7,pavement/sand,pavement,
14-Nov-21,Aie,Protected,1,7.5,pavement/sand,pavement,
14-Nov-21,Aie,Protected,1,8,porites,coral,
14-Nov-21,Aie,Protected,1,8.5,pavement/sand,pavement,
14-Nov-21,Aie,Protected,1,9,sand,sand,
14-Nov-21,Aie,Protected,1,9.5,sand,sand,
14-Nov-21,Aie,Protected,1,10,sand,sand,
14-Nov-21,Aie,Protected,1,10.5,sand,sand,
14-Nov-21,Aie,Protected,1,11,sand,sand,
14-Nov-21,Aie,Protected,1,11.5,sand,sand,
14-Nov-21,Aie,Protected,1,12,sand,sand,
14-Nov-21,Aie,Protected,1,12.5,sand,sand,
14-Nov-21,Aie,Protected,1,13,sand,sand,
14-Nov-21,Aie,Protected,1,13.5,pavement/sand,pavement,
14-Nov-21,Aie,Protected,1,14,pavement/sand,pavement,
14-Nov-21,Aie,Protected,1,14.5,sand,sand,next to bommie
14-Nov-21,Aie,Protected,1,15,sand,sand,
14-Nov-21,Aie,Protected,1,15.5,sand,sand,
14-Nov-21,Aie,Protected,1,16,sand,sand,
14-Nov-21,Aie,Protected,1,16.5,sand,sand,next to bommie
14-Nov-21,Aie,Protected,1,17,sand,sand,next to bommie
14-Nov-21,Aie,Protected,1,17.5,rubble,rubble,
14-Nov-21,Aie,Protected,1,18,sand,sand,
14-Nov-21,Aie,Protected,1,18.5,pavement/sand,pavement,
14-Nov-21,Aie,Protected,1,19,pavement/sand,pavement,
14-Nov-21,Aie,Protected,1,19.5,rubble,rubble,
14-Nov-21,Aie,Protected,1,20,sand,sand,
14-Nov-21,Aie,Protected,1,20.5,sand,sand,
14-Nov-21,Aie,Protected,1,21,sand,sand,
14-Nov-21,Aie,Protected,1,21.5,sand,sand,
14-Nov-21,Aie,Protected,1,22,sand,sand,
14-Nov-21,Aie,Protected,1,22.5,sand,sand,
14-Nov-21,Aie,Protected,1,23,sand,sand,
14-Nov-21,Aie,Protected,1,23.5,sand,sand,
14-Nov-21,Aie,Protected,1,24,sand,sand,next to bommie
14-Nov-21,Aie,Protected,1,24.5,sand,sand,next to bommie
14-Nov-21,Aie,Protected,1,25,rubble,rubble,
14-Nov-21,Aie,Protected,1,25.5,sand,sand,
14-Nov-21,Aie,Protected,1,26,sand,sand,next to bommie
14-Nov-21,Aie,Protected,1,26.5,sand,sand,
14-Nov-21,Aie,Protected,1,27,rubble,rubble,
14-Nov-21,Aie,Protected,1,27.5,pavement/sand,pavement,
14-Nov-21,Aie,Protected,1,28,sand,sand,next to bommie
14-Nov-21,Aie,Protected,1,28.5,pavement/sand,pavement,
14-Nov-21,Aie,Protected,1,29,pavement/sand,pavement,
14-Nov-21,Aie,Protected,1,29.5,rubble,rubble,
14-Nov-21,Aie,Protected,1,30,rubble,rubble,
14-Nov-21,Aie,Protected,2,0.5,rubble,rubble,
14-Nov-21,Aie,Protected,2,1,rubble,rubble,next to bommie
14-Nov-21,Aie,Protected,2,1.5,rubble,rubble,next to bommie
14-Nov-21,Aie,Protected,2,2,rubble,rubble,next to bommie
14-Nov-21,Aie,Protected,2,2.5,rubble,rubble,next to bommie
14-Nov-21,Aie,Protected,2,3,rubble,rubble,
14-Nov-21,Aie,Protected,2,3.5,sand,sand,next to bommie
14-Nov-21,Aie,Protected,2,4,sand,sand,next to bommie
14-Nov-21,Aie,Protected,2,4.5,sand,sand,next to bommie
14-Nov-21,Aie,Protected,2,5,sand,sand,next to bommie
14-Nov-21,Aie,Protected,2,5.5,sand,sand,next to bommie
14-Nov-21,Aie,Protected,2,6,sand,sand,
14-Nov-21,Aie,Protected,2,6.5,sand,sand,next to bommie
14-Nov-21,Aie,Protected,2,7,sand,sand,next to bommie
14-Nov-21,Aie,Protected,2,7.5,pavement/sand,pavement,
14-Nov-21,Aie,Protected,2,8,porites,coral,
14-Nov-21,Aie,Protected,2,8.5,sea cucumber,sea cucumber,
14-Nov-21,Aie,Protected,2,9,porites,coral,
14-Nov-21,Aie,Protected,2,9.5,porites,coral,
14-Nov-21,Aie,Protected,2,10,porites,coral,
14-Nov-21,Aie,Protected,2,10.5,porites,coral,
14-Nov-21,Aie,Protected,2,11,porites,coral,
14-Nov-21,Aie,Protected,2,11.5,pavement/sand,pavement,
14-Nov-21,Aie,Protected,2,12,rubble,rubble,
14-Nov-21,Aie,Protected,2,12.5,sand,sand,next to bommie
14-Nov-21,Aie,Protected,2,13,rubble,rubble,
14-Nov-21,Aie,Protected,2,13.5,sand,sand,
14-Nov-21,Aie,Protected,2,14,sand,sand,
14-Nov-21,Aie,Protected,2,14.5,sand,sand,
14-Nov-21,Aie,Protected,2,15,porites,coral,
14-Nov-21,Aie,Protected,2,15.5,sand,sand,
14-Nov-21,Aie,Protected,2,16,sand,sand,
14-Nov-21,Aie,Protected,2,16.5,sand,sand,
14-Nov-21,Aie,Protected,2,17,sand,sand,
14-Nov-21,Aie,Protected,2,17.5,sand,sand,
14-Nov-21,Aie,Protected,2,18,sand,sand,
14-Nov-21,Aie,Protected,2,18.5,sand,sand,
14-Nov-21,Aie,Protected,2,19,sand,sand,
14-Nov-21,Aie,Protected,2,19.5,sand,sand,
14-Nov-21,Aie,Protected,2,20,sand,sand,
14-Nov-21,Aie,Protected,2,20.5,sand,sand,
14-Nov-21,Aie,Protected,2,21,pavement/sand,pavement,
14-Nov-21,Aie,Protected,2,21.5,pavement/sand,pavement,
14-Nov-21,Aie,Protected,2,22,porites,coral,
14-Nov-21,Aie,Protected,2,22.5,sand,sand,
14-Nov-21,Aie,Protected,2,23,sand,sand,
14-Nov-21,Aie,Protected,2,23.5,sand,sand,
14-Nov-21,Aie,Protected,2,24,sand,sand,
14-Nov-21,Aie,Protected,2,24.5,pavement/sand,pavement,
14-Nov-21,Aie,Protected,2,25,rubble,rubble,
14-Nov-21,Aie,Protected,2,25.5,pavement/sand,pavement,
14-Nov-21,Aie,Protected,2,26,porites,coral,
14-Nov-21,Aie,Protected,2,26.5,porites,coral,
14-Nov-21,Aie,Protected,2,27,pavement/sand,pavement,
14-Nov-21,Aie,Protected,2,27.5,pavement/sand,pavement,
14-Nov-21,Aie,Protected,2,28,clam,clam,
14-Nov-21,Aie,Protected,2,28.5,pavement/sand,pavement,
14-Nov-21,Aie,Protected,2,29,rubble,rubble,
14-Nov-21,Aie,Protected,2,29.5,sand,sand,
14-Nov-21,Aie,Protected,2,30,rubble,rubble,
14-Nov-21,Aie,Protected,3,0.5,pavement/sand,pavement,
14-Nov-21,Aie,Protected,3,1,pavement/sand,pavement,
14-Nov-21,Aie,Protected,3,1.5,pavement/sand,pavement,
14-Nov-21,Aie,Protected,3,2,turbinaria,macroalgae,
14-Nov-21,Aie,Protected,3,2.5,pavement/sand,pavement,
14-Nov-21,Aie,Protected,3,3,rubble,rubble,
14-Nov-21,Aie,Protected,3,3.5,rubble,rubble,
14-Nov-21,Aie,Protected,3,4,rubble,rubble,
14-Nov-21,Aie,Protected,3,4.5,sand,sand,
14-Nov-21,Aie,Protected,3,5,sand,sand,
14-Nov-21,Aie,Protected,3,5.5,sand,sand,
14-Nov-21,Aie,Protected,3,6,sand,sand,next to bommie
14-Nov-21,Aie,Protected,3,6.5,sand,sand,next to bommie
14-Nov-21,Aie,Protected,3,7,sand,sand,next to bommie
14-Nov-21,Aie,Protected,3,7.5,sand,sand,next to bommie
14-Nov-21,Aie,Protected,3,8,sand,sand,next to bommie
14-Nov-21,Aie,Protected,3,8.5,sand,sand,
14-Nov-21,Aie,Protected,3,9,sand,sand,
14-Nov-21,Aie,Protected,3,9.5,sand,sand,
14-Nov-21,Aie,Protected,3,10,sand,sand,
14-Nov-21,Aie,Protected,3,10.5,rubble,rubble,
14-Nov-21,Aie,Protected,3,11,rubble,rubble,next to bommie
14-Nov-21,Aie,Protected,3,11.5,rubble,rubble,
14-Nov-21,Aie,Protected,3,12,sand,sand,next to bommie
14-Nov-21,Aie,Protected,3,12.5,porites,coral,
14-Nov-21,Aie,Protected,3,13,sand,sand,
14-Nov-21,Aie,Protected,3,13.5,sand,sand,next to bommie
14-Nov-21,Aie,Protected,3,14,sand,sand,next to bommie
14-Nov-21,Aie,Protected,3,14.5,pavement/sand,pavement,
14-Nov-21,Aie,Protected,3,15,acropora,coral,
14-Nov-21,Aie,Protected,3,15.5,pavement/sand,pavement,
14-Nov-21,Aie,Protected,3,16,pavement/sand,pavement,
14-Nov-21,Aie,Protected,3,16.5,sand,sand,next to bommie
14-Nov-21,Aie,Protected,3,17,sand,sand,
14-Nov-21,Aie,Protected,3,17.5,sand,sand,
14-Nov-21,Aie,Protected,3,18,sand,sand,next to bommie
14-Nov-21,Aie,Protected,3,18.5,sand,sand,next to bommie
14-Nov-21,Aie,Protected,3,19,sand,sand,next to bommie
14-Nov-21,Aie,Protected,3,19.5,sand,sand,next to bommie
14-Nov-21,Aie,Protected,3,20,porites,coral,
14-Nov-21,Aie,Protected,3,20.5,sand,sand,next to bommie
14-Nov-21,Aie,Protected,3,21,sand,sand,next to bommie
14-Nov-21,Aie,Protected,3,21.5,sand,sand,
14-Nov-21,Aie,Protected,3,22,sand,sand,
14-Nov-21,Aie,Protected,3,22.5,rubble,rubble,
14-Nov-21,Aie,Protected,3,23,pavement/sand,pavement,
14-Nov-21,Aie,Protected,3,23.5,pavement/sand,pavement,
14-Nov-21,Aie,Protected,3,24,pavement/sand,pavement,
14-Nov-21,Aie,Protected,3,24.5,porites,coral,
14-Nov-21,Aie,Protected,3,25,sand,sand,
14-Nov-21,Aie,Protected,3,25.5,sand,sand,
14-Nov-21,Aie,Protected,3,26,sand,sand,next to bommie
14-Nov-21,Aie,Protected,3,26.5,porites,coral,
14-Nov-21,Aie,Protected,3,27,sand,sand,next to bommie
14-Nov-21,Aie,Protected,3,27.5,acropora,coral,
14-Nov-21,Aie,Protected,3,28,pavement/sand,pavement,
14-Nov-21,Aie,Protected,3,28.5,sand,sand,
14-Nov-21,Aie,Protected,3,29,sand,sand,
14-Nov-21,Aie,Protected,3,29.5,sand,sand,
14-Nov-21,Aie,Protected,3,30,sand,sand,
14-Nov-21,Aie,Protected,4,0.5,pavement/sand,pavement,
14-Nov-21,Aie,Protected,4,1,montipora,coral,
14-Nov-21,Aie,Protected,4,1.5,pavement/sand,pavement,
14-Nov-21,Aie,Protected,4,2,pavement/sand,pavement,
14-Nov-21,Aie,Protected,4,2.5,pavement/sand,pavement,
14-Nov-21,Aie,Protected,4,3,rubble,rubble,
14-Nov-21,Aie,Protected,4,3.5,pavement/sand,pavement,
14-Nov-21,Aie,Protected,4,4,pavement/sand,pavement,
14-Nov-21,Aie,Protected,4,4.5,pavement/sand,pavement,
14-Nov-21,Aie,Protected,4,5,sand,sand,
14-Nov-21,Aie,Protected,4,5.5,rubble,rubble,
14-Nov-21,Aie,Protected,4,6,sand,sand,
14-Nov-21,Aie,Protected,4,6.5,sand,sand,
14-Nov-21,Aie,Protected,4,7,porites,coral,
14-Nov-21,Aie,Protected,4,7.5,pavement/sand,pavement,
14-Nov-21,Aie,Protected,4,8,sand,sand,next to bommie
14-Nov-21,Aie,Protected,4,8.5,sand,sand,next to bommie
14-Nov-21,Aie,Protected,4,9,pavement/sand,pavement,
14-Nov-21,Aie,Protected,4,9.5,sand,sand,
14-Nov-21,Aie,Protected,4,10,sand,sand,
14-Nov-21,Aie,Protected,4,10.5,sand,sand,
14-Nov-21,Aie,Protected,4,11,sand,sand,
14-Nov-21,Aie,Protected,4,11.5,sand,sand,
14-Nov-21,Aie,Protected,4,12,sand,sand,
14-Nov-21,Aie,Protected,4,12.5,sand,sand,
14-Nov-21,Aie,Protected,4,13,sand,sand,
14-Nov-21,Aie,Protected,4,13.5,sand,sand,
14-Nov-21,Aie,Protected,4,14,sand,sand,
14-Nov-21,Aie,Protected,4,14.5,sand,sand,
14-Nov-21,Aie,Protected,4,15,sand,sand,
14-Nov-21,Aie,Protected,4,15.5,sand,sand,
14-Nov-21,Aie,Protected,4,16,sand,sand,
14-Nov-21,Aie,Protected,4,16.5,sand,sand,
14-Nov-21,Aie,Protected,4,17,sand,sand,
14-Nov-21,Aie,Protected,4,17.5,sand,sand,
14-Nov-21,Aie,Protected,4,18,sand,sand,
14-Nov-21,Aie,Protected,4,18.5,sand,sand,
14-Nov-21,Aie,Protected,4,19,sand,sand,
14-Nov-21,Aie,Protected,4,19.5,pavement/sand,pavement,
14-Nov-21,Aie,Protected,4,20,pavement/sand,pavement,
14-Nov-21,Aie,Protected,4,20.5,pavement/sand,pavement,
14-Nov-21,Aie,Protected,4,21,turf,turf,
14-Nov-21,Aie,Protected,4,21.5,rubble,rubble,
14-Nov-21,Aie,Protected,4,22,rubble,rubble,
14-Nov-21,Aie,Protected,4,22.5,porites,coral,
14-Nov-21,Aie,Protected,4,23,porites,coral,
14-Nov-21,Aie,Protected,4,23.5,sand,sand,
14-Nov-21,Aie,Protected,4,24,sand,sand,
14-Nov-21,Aie,Protected,4,24.5,rubble,rubble,
14-Nov-21,Aie,Protected,4,25,rubble,rubble,
14-Nov-21,Aie,Protected,4,25.5,sand,sand,
14-Nov-21,Aie,Protected,4,26,sand,sand,
14-Nov-21,Aie,Protected,4,26.5,sand,sand,
14-Nov-21,Aie,Protected,4,27,sand,sand,next to bommie
14-Nov-21,Aie,Protected,4,27.5,porites,coral,
14-Nov-21,Aie,Protected,4,28,rubble,rubble,
14-Nov-21,Aie,Protected,4,28.5,rubble,rubble,
14-Nov-21,Aie,Protected,4,29,sand,sand,next to bommie
14-Nov-21,Aie,Protected,4,29.5,sand,sand,
14-Nov-21,Aie,Protected,4,30,sand,sand,next to bommie
8-Nov-21,Reiono,Exposed,1,0.5,sand,sand,
8-Nov-21,Reiono,Exposed,1,1,sand,sand,
8-Nov-21,Reiono,Exposed,1,1.5,pavement/sand,pavement,
8-Nov-21,Reiono,Exposed,1,2,pavement/sand,pavement,
8-Nov-21,Reiono,Exposed,1,2.5,pavement/sand,pavement,
8-Nov-21,Reiono,Exposed,1,3,sand,sand,
8-Nov-21,Reiono,Exposed,1,3.5,sand,sand,
8-Nov-21,Reiono,Exposed,1,4,sand,sand,
8-Nov-21,Reiono,Exposed,1,4.5,sand,sand,
8-Nov-21,Reiono,Exposed,1,5,sand,sand,
8-Nov-21,Reiono,Exposed,1,5.5,sand,sand,
8-Nov-21,Reiono,Exposed,1,6,sand,sand,
8-Nov-21,Reiono,Exposed,1,6.5,sand,sand,
8-Nov-21,Reiono,Exposed,1,7,sand,sand,
8-Nov-21,Reiono,Exposed,1,7.5,pavement/sand,pavement,
8-Nov-21,Reiono,Exposed,1,8,pavement/sand,pavement,
8-Nov-21,Reiono,Exposed,1,8.5,rubble,rubble,
8-Nov-21,Reiono,Exposed,1,9,sand,sand,
8-Nov-21,Reiono,Exposed,1,9.5,porites,coral,
8-Nov-21,Reiono,Exposed,1,10,pavement/sand,pavement,
8-Nov-21,Reiono,Exposed,1,10.5,pavement/sand,pavement,
8-Nov-21,Reiono,Exposed,1,11,rubble,rubble,
8-Nov-21,Reiono,Exposed,1,11.5,pavement/sand,pavement,
8-Nov-21,Reiono,Exposed,1,12,pavement/sand,pavement,
8-Nov-21,Reiono,Exposed,1,12.5,sand,sand,
8-Nov-21,Reiono,Exposed,1,13,sand,sand,
8-Nov-21,Reiono,Exposed,1,13.5,sand,sand,
8-Nov-21,Reiono,Exposed,1,14,sand,sand,
8-Nov-21,Reiono,Exposed,1,14.5,pavement/sand,pavement,
8-Nov-21,Reiono,Exposed,1,15,sand,sand,
8-Nov-21,Reiono,Exposed,1,15.5,sand,sand,
8-Nov-21,Reiono,Exposed,1,16,sand,sand,
8-Nov-21,Reiono,Exposed,1,16.5,pavement/sand,pavement,
8-Nov-21,Reiono,Exposed,1,17,sand,sand,
8-Nov-21,Reiono,Exposed,1,17.5,rubble,rubble,
8-Nov-21,Reiono,Exposed,1,18,rubble,rubble,
8-Nov-21,Reiono,Exposed,1,18.5,rubble,rubble,
8-Nov-21,Reiono,Exposed,1,19,rubble,rubble,
8-Nov-21,Reiono,Exposed,1,19.5,sand,sand,
8-Nov-21,Reiono,Exposed,1,20,sand,sand,
8-Nov-21,Reiono,Exposed,1,20.5,sand,sand,
8-Nov-21,Reiono,Exposed,1,21,sand,sand,
8-Nov-21,Reiono,Exposed,1,21.5,pavement/sand,pavement,
8-Nov-21,Reiono,Exposed,1,22,sand,sand,
8-Nov-21,Reiono,Exposed,1,22.5,sand,sand,
8-Nov-21,Reiono,Exposed,1,23,sand,sand,
8-Nov-21,Reiono,Exposed,1,23.5,rubble,rubble,
8-Nov-21,Reiono,Exposed,1,24,rubble,rubble,
8-Nov-21,Reiono,Exposed,1,24.5,rubble,rubble,
8-Nov-21,Reiono,Exposed,1,25,rubble,rubble,
8-Nov-21,Reiono,Exposed,1,25.5,sand,sand,
8-Nov-21,Reiono,Exposed,1,26,rubble,rubble,
8-Nov-21,Reiono,Exposed,1,26.5,sand,sand,
8-Nov-21,Reiono,Exposed,1,27,sand,sand,
8-Nov-21,Reiono,Exposed,1,27.5,sea cucumber,sea cucumber,
8-Nov-21,Reiono,Exposed,1,28,sand,sand,
8-Nov-21,Reiono,Exposed,1,28.5,sand,sand,
8-Nov-21,Reiono,Exposed,1,29,sand,sand,
8-Nov-21,Reiono,Exposed,1,29.5,sand,sand,
8-Nov-21,Reiono,Exposed,1,30,porites,coral,
8-Nov-21,Reiono,Exposed,2,0.5,porites,coral,
8-Nov-21,Reiono,Exposed,2,1,sand,sand,
8-Nov-21,Reiono,Exposed,2,1.5,pavement/sand,pavement,
8-Nov-21,Reiono,Exposed,2,2,pavement/sand,pavement,
8-Nov-21,Reiono,Exposed,2,2.5,sand,sand,
8-Nov-21,Reiono,Exposed,2,3,sand,sand,
8-Nov-21,Reiono,Exposed,2,3.5,sand,sand,
8-Nov-21,Reiono,Exposed,2,4,sand,sand,
8-Nov-21,Reiono,Exposed,2,4.5,sand,sand,
8-Nov-21,Reiono,Exposed,2,5,sand,sand,
8-Nov-21,Reiono,Exposed,2,5.5,sand,sand,
8-Nov-21,Reiono,Exposed,2,6,sand,sand,
8-Nov-21,Reiono,Exposed,2,6.5,sand,sand,
8-Nov-21,Reiono,Exposed,2,7,porites,coral,
8-Nov-21,Reiono,Exposed,2,7.5,pavement/sand,pavement,
8-Nov-21,Reiono,Exposed,2,8,pavement/sand,pavement,
8-Nov-21,Reiono,Exposed,2,8.5,sand,sand,
8-Nov-21,Reiono,Exposed,2,9,rubble,rubble,
8-Nov-21,Reiono,Exposed,2,9.5,sand,sand,
8-Nov-21,Reiono,Exposed,2,10,porites,coral,
8-Nov-21,Reiono,Exposed,2,10.5,turf,turf,
8-Nov-21,Reiono,Exposed,2,11,porites,coral,
8-Nov-21,Reiono,Exposed,2,11.5,pavement/sand,pavement,
8-Nov-21,Reiono,Exposed,2,12,pavement/sand,pavement,
8-Nov-21,Reiono,Exposed,2,12.5,porites,coral,
8-Nov-21,Reiono,Exposed,2,13,sand,sand,
8-Nov-21,Reiono,Exposed,2,13.5,sand,sand,
8-Nov-21,Reiono,Exposed,2,14,pavement/sand,pavement,
8-Nov-21,Reiono,Exposed,2,14.5,pavement/sand,pavement,
8-Nov-21,Reiono,Exposed,2,15,pavement/sand,pavement,
8-Nov-21,Reiono,Exposed,2,15.5,pavement/sand,pavement,
8-Nov-21,Reiono,Exposed,2,16,sand,sand,
8-Nov-21,Reiono,Exposed,2,16.5,pavement/sand,pavement,
8-Nov-21,Reiono,Exposed,2,17,pavement/sand,pavement,
8-Nov-21,Reiono,Exposed,2,17.5,pavement/sand,pavement,
8-Nov-21,Reiono,Exposed,2,18,pavement/sand,pavement,
8-Nov-21,Reiono,Exposed,2,18.5,pavona,coral,
8-Nov-21,Reiono,Exposed,2,19,pavement/sand,pavement,
8-Nov-21,Reiono,Exposed,2,19.5,pavement/sand,pavement,
8-Nov-21,Reiono,Exposed,2,20,rubble,rubble,
8-Nov-21,Reiono,Exposed,2,20.5,pavement/sand,pavement,
8-Nov-21,Reiono,Exposed,2,21,rubble,rubble,
8-Nov-21,Reiono,Exposed,2,21.5,pavement/sand,pavement,
8-Nov-21,Reiono,Exposed,2,22,sand,sand,
8-Nov-21,Reiono,Exposed,2,22.5,sand,sand,
8-Nov-21,Reiono,Exposed,2,23,pavement/sand,pavement,
8-Nov-21,Reiono,Exposed,2,23.5,pavement/sand,pavement,
8-Nov-21,Reiono,Exposed,2,24,sand,sand,
8-Nov-21,Reiono,Exposed,2,24.5,sand,sand,
8-Nov-21,Reiono,Exposed,2,25,sand,sand,
8-Nov-21,Reiono,Exposed,2,25.5,sand,sand,
8-Nov-21,Reiono,Exposed,2,26,sand,sand,
8-Nov-21,Reiono,Exposed,2,26.5,sand,sand,
8-Nov-21,Reiono,Exposed,2,27,sand,sand,
8-Nov-21,Reiono,Exposed,2,27.5,sand,sand,
8-Nov-21,Reiono,Exposed,2,28,sand,sand,
8-Nov-21,Reiono,Exposed,2,28.5,sand,sand,
8-Nov-21,Reiono,Exposed,2,29,sand,sand,
8-Nov-21,Reiono,Exposed,2,29.5,pavement/sand,pavement,
8-Nov-21,Reiono,Exposed,2,30,sand,sand,
8-Nov-21,Reiono,Exposed,3,0.5,sand,sand,
8-Nov-21,Reiono,Exposed,3,1,sand,sand,
8-Nov-21,Reiono,Exposed,3,1.5,sand,sand,
8-Nov-21,Reiono,Exposed,3,2,pavement/sand,pavement,
8-Nov-21,Reiono,Exposed,3,2.5,sand,sand,
8-Nov-21,Reiono,Exposed,3,3,sand,sand,
8-Nov-21,Reiono,Exposed,3,3.5,sand,sand,
8-Nov-21,Reiono,Exposed,3,4,porites,coral,
8-Nov-21,Reiono,Exposed,3,4.5,sand,sand,
8-Nov-21,Reiono,Exposed,3,5,sand,sand,
8-Nov-21,Reiono,Exposed,3,5.5,sand,sand,
8-Nov-21,Reiono,Exposed,3,6,porites,coral,
8-Nov-21,Reiono,Exposed,3,6.5,sand,sand,
8-Nov-21,Reiono,Exposed,3,7,sand,sand,
8-Nov-21,Reiono,Exposed,3,7.5,pavement/sand,pavement,
8-Nov-21,Reiono,Exposed,3,8,rubble,rubble,
8-Nov-21,Reiono,Exposed,3,8.5,pavement/sand,pavement,
8-Nov-21,Reiono,Exposed,3,9,pavement/sand,pavement,
8-Nov-21,Reiono,Exposed,3,9.5,pavement/sand,pavement,
8-Nov-21,Reiono,Exposed,3,10,sand,sand,
8-Nov-21,Reiono,Exposed,3,10.5,sand,sand,
8-Nov-21,Reiono,Exposed,3,11,rubble,rubble,
8-Nov-21,Reiono,Exposed,3,11.5,sand,sand,
8-Nov-21,Reiono,Exposed,3,12,sand,sand,
8-Nov-21,Reiono,Exposed,3,12.5,rubble,rubble,
8-Nov-21,Reiono,Exposed,3,13,rubble,rubble,
8-Nov-21,Reiono,Exposed,3,13.5,rubble,rubble,
8-Nov-21,Reiono,Exposed,3,14,rubble,rubble,
8-Nov-21,Reiono,Exposed,3,14.5,sand,sand,
8-Nov-21,Reiono,Exposed,3,15,porites,coral,
8-Nov-21,Reiono,Exposed,3,15.5,porites,coral,
8-Nov-21,Reiono,Exposed,3,16,sand,sand,
8-Nov-21,Reiono,Exposed,3,16.5,sand,sand,
8-Nov-21,Reiono,Exposed,3,17,sand,sand,
8-Nov-21,Reiono,Exposed,3,17.5,sand,sand,
8-Nov-21,Reiono,Exposed,3,18,sand,sand,
8-Nov-21,Reiono,Exposed,3,18.5,pavement/sand,pavement,
8-Nov-21,Reiono,Exposed,3,19,sand,sand,
8-Nov-21,Reiono,Exposed,3,19.5,rubble,rubble,
8-Nov-21,Reiono,Exposed,3,20,porites,coral,
8-Nov-21,Reiono,Exposed,3,20.5,pavement/sand,pavement,
8-Nov-21,Reiono,Exposed,3,21,sand,sand,
8-Nov-21,Reiono,Exposed,3,21.5,sand,sand,
8-Nov-21,Reiono,Exposed,3,22,rubble,rubble,
8-Nov-21,Reiono,Exposed,3,22.5,rubble,rubble,
8-Nov-21,Reiono,Exposed,3,23,pavement/sand,pavement,
8-Nov-21,Reiono,Exposed,3,23.5,rubble,rubble,
8-Nov-21,Reiono,Exposed,3,24,rubble,rubble,
8-Nov-21,Reiono,Exposed,3,24.5,sand,sand,
8-Nov-21,Reiono,Exposed,3,25,pavement/sand,pavement,
8-Nov-21,Reiono,Exposed,3,25.5,sand,sand,
8-Nov-21,Reiono,Exposed,3,26,sand,sand,
8-Nov-21,Reiono,Exposed,3,26.5,sand,sand,
8-Nov-21,Reiono,Exposed,3,27,rubble,rubble,
8-Nov-21,Reiono,Exposed,3,27.5,sand,sand,
8-Nov-21,Reiono,Exposed,3,28,sand,sand,
8-Nov-21,Reiono,Exposed,3,28.5,pavement/sand,pavement,
8-Nov-21,Reiono,Exposed,3,29,pavement/sand,pavement,
8-Nov-21,Reiono,Exposed,3,29.5,sand,sand,
8-Nov-21,Reiono,Exposed,3,30,pavement/sand,pavement,
8-Nov-21,Reiono,Exposed,4,0.5,sand,sand,
8-Nov-21,Reiono,Exposed,4,1,rubble,rubble,
8-Nov-21,Reiono,Exposed,4,1.5,sand,sand,
8-Nov-21,Reiono,Exposed,4,2,sand,sand,
8-Nov-21,Reiono,Exposed,4,2.5,sand,sand,next to bommie
8-Nov-21,Reiono,Exposed,4,3,sand,sand,next to bommie
8-Nov-21,Reiono,Exposed,4,3.5,sand,sand,next to bommie
8-Nov-21,Reiono,Exposed,4,4,sand,sand,next to bommie
8-Nov-21,Reiono,Exposed,4,4.5,pavement/sand,pavement,
8-Nov-21,Reiono,Exposed,4,5,acropora,coral,
8-Nov-21,Reiono,Exposed,4,5.5,pavement/sand,pavement,
8-Nov-21,Reiono,Exposed,4,6,sand,sand,
8-Nov-21,Reiono,Exposed,4,6.5,sand,sand,
8-Nov-21,Reiono,Exposed,4,7,sand,sand,
8-Nov-21,Reiono,Exposed,4,7.5,sand,sand,
8-Nov-21,Reiono,Exposed,4,8,sand,sand,
8-Nov-21,Reiono,Exposed,4,8.5,sand,sand,
8-Nov-21,Reiono,Exposed,4,9,sand,sand,
8-Nov-21,Reiono,Exposed,4,9.5,sand,sand,
8-Nov-21,Reiono,Exposed,4,10,sand,sand,
8-Nov-21,Reiono,Exposed,4,10.5,sand,sand,next to bommie
8-Nov-21,Reiono,Exposed,4,11,sand,sand,next to bommie
8-Nov-21,Reiono,Exposed,4,11.5,sand,sand,
8-Nov-21,Reiono,Exposed,4,12,sand,sand,
8-Nov-21,Reiono,Exposed,4,12.5,pavement/sand,pavement,
8-Nov-21,Reiono,Exposed,4,13,pavement/sand,pavement,
8-Nov-21,Reiono,Exposed,4,13.5,pavement/sand,pavement,
8-Nov-21,Reiono,Exposed,4,14,rubble,rubble,
8-Nov-21,Reiono,Exposed,4,14.5,pavement/sand,pavement,
8-Nov-21,Reiono,Exposed,4,15,pavement/sand,pavement,
8-Nov-21,Reiono,Exposed,4,15.5,pavement/sand,pavement,
8-Nov-21,Reiono,Exposed,4,16,sand,sand,
8-Nov-21,Reiono,Exposed,4,16.5,sand,sand,
8-Nov-21,Reiono,Exposed,4,17,pavona,coral,
8-Nov-21,Reiono,Exposed,4,17.5,sand,sand,
8-Nov-21,Reiono,Exposed,4,18,sand,sand,
8-Nov-21,Reiono,Exposed,4,18.5,sand,sand,
8-Nov-21,Reiono,Exposed,4,19,sand,sand,
8-Nov-21,Reiono,Exposed,4,19.5,sand,sand,
8-Nov-21,Reiono,Exposed,4,20,pavement/sand,pavement,
8-Nov-21,Reiono,Exposed,4,20.5,sand,sand,
8-Nov-21,Reiono,Exposed,4,21,sand,sand,
8-Nov-21,Reiono,Exposed,4,21.5,rubble,rubble,
8-Nov-21,Reiono,Exposed,4,22,turbinaria,macroalgae,
8-Nov-21,Reiono,Exposed,4,22.5,turbinaria,macroalgae,
8-Nov-21,Reiono,Exposed,4,23,rubble,rubble,
8-Nov-21,Reiono,Exposed,4,23.5,rubble,rubble,
8-Nov-21,Reiono,Exposed,4,24,pavement/sand,pavement,
8-Nov-21,Reiono,Exposed,4,24.5,pavement/sand,pavement,
8-Nov-21,Reiono,Exposed,4,25,turbinaria,macroalgae,
8-Nov-21,Reiono,Exposed,4,25.5,pavement/sand,pavement,
8-Nov-21,Reiono,Exposed,4,26,pavement/sand,pavement,
8-Nov-21,Reiono,Exposed,4,26.5,turbinaria,macroalgae,
8-Nov-21,Reiono,Exposed,4,27,sand,sand,
8-Nov-21,Reiono,Exposed,4,27.5,sand,sand,
8-Nov-21,Reiono,Exposed,4,28,pavement/sand,pavement,
8-Nov-21,Reiono,Exposed,4,28.5,pavement/sand,pavement,
8-Nov-21,Reiono,Exposed,4,29,pavement/sand,pavement,
8-Nov-21,Reiono,Exposed,4,29.5,pavement/sand,pavement,
8-Nov-21,Reiono,Exposed,4,30,pavement/sand,pavement,
6-Nov-21,Reiono,Protected,1,0.5,pavement/sand,pavement,
6-Nov-21,Reiono,Protected,1,1,porites,coral,
6-Nov-21,Reiono,Protected,1,1.5,sand,sand,
6-Nov-21,Reiono,Protected,1,2,porites,coral,
6-Nov-21,Reiono,Protected,1,2.5,pavement/sand,pavement,
6-Nov-21,Reiono,Protected,1,3,turf,turf,
6-Nov-21,Reiono,Protected,1,3.5,sand,sand,
6-Nov-21,Reiono,Protected,1,4,turf,turf,
6-Nov-21,Reiono,Protected,1,4.5,sand,sand,
6-Nov-21,Reiono,Protected,1,5,pavement/sand,pavement,
6-Nov-21,Reiono,Protected,1,5.5,sand,sand,
6-Nov-21,Reiono,Protected,1,6,sand,sand,
6-Nov-21,Reiono,Protected,1,6.5,turf,turf,
6-Nov-21,Reiono,Protected,1,7,sand,sand,
6-Nov-21,Reiono,Protected,1,7.5,sand,sand,
6-Nov-21,Reiono,Protected,1,8,sand,sand,
6-Nov-21,Reiono,Protected,1,8.5,rubble,rubble,
6-Nov-21,Reiono,Protected,1,9,turf,turf,
6-Nov-21,Reiono,Protected,1,9.5,porites,coral,
6-Nov-21,Reiono,Protected,1,10,porites,coral,
6-Nov-21,Reiono,Protected,1,10.5,porites,coral,
6-Nov-21,Reiono,Protected,1,11,porites,coral,
6-Nov-21,Reiono,Protected,1,11.5,sand,sand,
6-Nov-21,Reiono,Protected,1,12,sand,sand,
6-Nov-21,Reiono,Protected,1,12.5,turf,turf,
6-Nov-21,Reiono,Protected,1,13,turf,turf,
6-Nov-21,Reiono,Protected,1,13.5,turf,turf,
6-Nov-21,Reiono,Protected,1,14,sand,sand,
6-Nov-21,Reiono,Protected,1,14.5,pavement,pavement,
6-Nov-21,Reiono,Protected,1,15,pavement,pavement,
6-Nov-21,Reiono,Protected,1,15.5,turf,turf,
6-Nov-21,Reiono,Protected,1,16,turf,turf,
6-Nov-21,Reiono,Protected,1,16.5,turf,turf,
6-Nov-21,Reiono,Protected,1,17,turf,turf,
6-Nov-21,Reiono,Protected,1,17.5,porites,coral,
6-Nov-21,Reiono,Protected,1,18,turf,turf,
6-Nov-21,Reiono,Protected,1,18.5,pavement/sand,pavement,
6-Nov-21,Reiono,Protected,1,19,turf,turf,
6-Nov-21,Reiono,Protected,1,19.5,turbinaria,macroalgae,
6-Nov-21,Reiono,Protected,1,20,turf,turf,
6-Nov-21,Reiono,Protected,1,20.5,turf,turf,
6-Nov-21,Reiono,Protected,1,21,turf,turf,
6-Nov-21,Reiono,Protected,1,21.5,turf,turf,
6-Nov-21,Reiono,Protected,1,22,turf,turf,
6-Nov-21,Reiono,Protected,1,22.5,chlorodesmis,macroalgae,
6-Nov-21,Reiono,Protected,1,23,rubble,rubble,
6-Nov-21,Reiono,Protected,1,23.5,turf,turf,
6-Nov-21,Reiono,Protected,1,24,pavement,pavement,
6-Nov-21,Reiono,Protected,1,24.5,rubble,rubble,
6-Nov-21,Reiono,Protected,1,25,pavement,pavement,
6-Nov-21,Reiono,Protected,1,25.5,pavement,pavement,
6-Nov-21,Reiono,Protected,1,26,sand,sand,
6-Nov-21,Reiono,Protected,1,26.5,pavement/sand,pavement,
6-Nov-21,Reiono,Protected,1,27,pavement/sand,pavement,
6-Nov-21,Reiono,Protected,1,27.5,turbinaria,macroalgae,
6-Nov-21,Reiono,Protected,1,28,turbinaria,macroalgae,
6-Nov-21,Reiono,Protected,1,28.5,turbinaria,macroalgae,
6-Nov-21,Reiono,Protected,1,29,rubble,rubble,
6-Nov-21,Reiono,Protected,1,29.5,pavement,pavement,
6-Nov-21,Reiono,Protected,1,30,pavement,pavement,
6-Nov-21,Reiono,Protected,2,0.5,turf,turf,
6-Nov-21,Reiono,Protected,2,1,turf,turf,
6-Nov-21,Reiono,Protected,2,1.5,pavement/sand,pavement,
6-Nov-21,Reiono,Protected,2,2,turf,turf,
6-Nov-21,Reiono,Protected,2,2.5,pavement/sand,pavement,
6-Nov-21,Reiono,Protected,2,3,sand,sand,
6-Nov-21,Reiono,Protected,2,3.5,pavement/sand,pavement,
6-Nov-21,Reiono,Protected,2,4,sand,sand,
6-Nov-21,Reiono,Protected,2,4.5,sand,sand,
6-Nov-21,Reiono,Protected,2,5,pavement/sand,pavement,
6-Nov-21,Reiono,Protected,2,5.5,pavement/sand,pavement,
6-Nov-21,Reiono,Protected,2,6,sand,sand,
6-Nov-21,Reiono,Protected,2,6.5,turbinaria,macroalgae,
6-Nov-21,Reiono,Protected,2,7,turf,turf,
6-Nov-21,Reiono,Protected,2,7.5,pavement/sand,pavement,
6-Nov-21,Reiono,Protected,2,8,porites,coral,
6-Nov-21,Reiono,Protected,2,8.5,turf,turf,
6-Nov-21,Reiono,Protected,2,9,sand,sand,
6-Nov-21,Reiono,Protected,2,9.5,turf,turf,
6-Nov-21,Reiono,Protected,2,10,turf,turf,
6-Nov-21,Reiono,Protected,2,10.5,turf,turf,
6-Nov-21,Reiono,Protected,2,11,porites,coral,
6-Nov-21,Reiono,Protected,2,11.5,rubble,rubble,
6-Nov-21,Reiono,Protected,2,12,turbinaria,macroalgae,
6-Nov-21,Reiono,Protected,2,12.5,turf,turf,
6-Nov-21,Reiono,Protected,2,13,turf,turf,
6-Nov-21,Reiono,Protected,2,13.5,pavement/sand,pavement,
6-Nov-21,Reiono,Protected,2,14,pavement/sand,pavement,
6-Nov-21,Reiono,Protected,2,14.5,pavement/sand,pavement,
6-Nov-21,Reiono,Protected,2,15,pavement/sand,pavement,
6-Nov-21,Reiono,Protected,2,15.5,turbinaria,macroalgae,
6-Nov-21,Reiono,Protected,2,16,sand,sand,
6-Nov-21,Reiono,Protected,2,16.5,sand,sand,
6-Nov-21,Reiono,Protected,2,17,turbinaria,macroalgae,
6-Nov-21,Reiono,Protected,2,17.5,pavement/sand,pavement,
6-Nov-21,Reiono,Protected,2,18,pavement/sand,pavement,
6-Nov-21,Reiono,Protected,2,18.5,pavement/sand,pavement,
6-Nov-21,Reiono,Protected,2,19,pavement/sand,pavement,
6-Nov-21,Reiono,Protected,2,19.5,sand,sand,
6-Nov-21,Reiono,Protected,2,20,sand,sand,
6-Nov-21,Reiono,Protected,2,20.5,sand,sand,
6-Nov-21,Reiono,Protected,2,21,sand,sand,
6-Nov-21,Reiono,Protected,2,21.5,pavement/sand,pavement,
6-Nov-21,Reiono,Protected,2,22,sand,sand,
6-Nov-21,Reiono,Protected,2,22.5,sand,sand,
6-Nov-21,Reiono,Protected,2,23,turf,turf,
6-Nov-21,Reiono,Protected,2,23.5,sand,sand,
6-Nov-21,Reiono,Protected,2,24,sand,sand,
6-Nov-21,Reiono,Protected,2,24.5,sand,sand,
6-Nov-21,Reiono,Protected,2,25,sand,sand,
6-Nov-21,Reiono,Protected,2,25.5,sand,sand,
6-Nov-21,Reiono,Protected,2,26,rubble,rubble,
6-Nov-21,Reiono,Protected,2,26.5,sand,sand,
6-Nov-21,Reiono,Protected,2,27,sand,sand,
6-Nov-21,Reiono,Protected,2,27.5,sand,sand,
6-Nov-21,Reiono,Protected,2,28,sand,sand,
6-Nov-21,Reiono,Protected,2,28.5,sand,sand,
6-Nov-21,Reiono,Protected,2,29,sand,sand,
6-Nov-21,Reiono,Protected,2,29.5,pavement/sand,pavement,
6-Nov-21,Reiono,Protected,2,30,pavement/sand,pavement,
6-Nov-21,Reiono,Protected,3,0.5,turf,turf,
6-Nov-21,Reiono,Protected,3,1,turf,turf,
6-Nov-21,Reiono,Protected,3,1.5,sand,sand,
6-Nov-21,Reiono,Protected,3,2,turbinaria,macroalgae,
6-Nov-21,Reiono,Protected,3,2.5,turf,turf,
6-Nov-21,Reiono,Protected,3,3,turf,turf,
6-Nov-21,Reiono,Protected,3,3.5,turf,turf,
6-Nov-21,Reiono,Protected,3,4,sand,sand,
6-Nov-21,Reiono,Protected,3,4.5,sand,sand,
6-Nov-21,Reiono,Protected,3,5,sand,sand,
6-Nov-21,Reiono,Protected,3,5.5,sand,sand,
6-Nov-21,Reiono,Protected,3,6,sand,sand,
6-Nov-21,Reiono,Protected,3,6.5,sand,sand,
6-Nov-21,Reiono,Protected,3,7,sand,sand,
6-Nov-21,Reiono,Protected,3,7.5,sand,sand,
6-Nov-21,Reiono,Protected,3,8,sand,sand,
6-Nov-21,Reiono,Protected,3,8.5,sand,sand,
6-Nov-21,Reiono,Protected,3,9,sand,sand,
6-Nov-21,Reiono,Protected,3,9.5,turf,turf,
6-Nov-21,Reiono,Protected,3,10,turf,turf,
6-Nov-21,Reiono,Protected,3,10.5,sand,sand,
6-Nov-21,Reiono,Protected,3,11,sand,sand,
6-Nov-21,Reiono,Protected,3,11.5,sand,sand,
6-Nov-21,Reiono,Protected,3,12,sand,sand,
6-Nov-21,Reiono,Protected,3,12.5,sand,sand,
6-Nov-21,Reiono,Protected,3,13,sand,sand,
6-Nov-21,Reiono,Protected,3,13.5,sand,sand,
6-Nov-21,Reiono,Protected,3,14,turf,turf,
6-Nov-21,Reiono,Protected,3,14.5,sand,sand,
6-Nov-21,Reiono,Protected,3,15,sand,sand,
6-Nov-21,Reiono,Protected,3,15.5,sand,sand,
6-Nov-21,Reiono,Protected,3,16,sand,sand,
6-Nov-21,Reiono,Protected,3,16.5,sand,sand,
6-Nov-21,Reiono,Protected,3,17,sand,sand,
6-Nov-21,Reiono,Protected,3,17.5,sand,sand,
6-Nov-21,Reiono,Protected,3,18,sand,sand,
6-Nov-21,Reiono,Protected,3,18.5,sand,sand,
6-Nov-21,Reiono,Protected,3,19,porites,coral,
6-Nov-21,Reiono,Protected,3,19.5,porites,coral,
6-Nov-21,Reiono,Protected,3,20,pavement/sand,pavement,
6-Nov-21,Reiono,Protected,3,20.5,pavement/sand,pavement,
6-Nov-21,Reiono,Protected,3,21,pavement/sand,pavement,
6-Nov-21,Reiono,Protected,3,21.5,turbinaria,macroalgae,
6-Nov-21,Reiono,Protected,3,22,turf,turf,
6-Nov-21,Reiono,Protected,3,22.5,porites,coral,
6-Nov-21,Reiono,Protected,3,23,turbinaria,macroalgae,
6-Nov-21,Reiono,Protected,3,23.5,turf,turf,
6-Nov-21,Reiono,Protected,3,24,pavement/sand,pavement,
6-Nov-21,Reiono,Protected,3,24.5,pavement/sand,pavement,
6-Nov-21,Reiono,Protected,3,25,pavement/sand,pavement,
6-Nov-21,Reiono,Protected,3,25.5,pavement/sand,pavement,
6-Nov-21,Reiono,Protected,3,26,turf,turf,
6-Nov-21,Reiono,Protected,3,26.5,turf,turf,
6-Nov-21,Reiono,Protected,3,27,pavement/sand,pavement,
6-Nov-21,Reiono,Protected,3,27.5,pavement/sand,pavement,
6-Nov-21,Reiono,Protected,3,28,pavement/sand,pavement,
6-Nov-21,Reiono,Protected,3,28.5,pavement/sand,pavement,
6-Nov-21,Reiono,Protected,3,29,pavement/sand,pavement,
6-Nov-21,Reiono,Protected,3,29.5,pavement/sand,pavement,
6-Nov-21,Reiono,Protected,3,30,sand,sand,
6-Nov-21,Reiono,Protected,4,0.5,turbinaria,macroalgae,
6-Nov-21,Reiono,Protected,4,1,pavement/sand,pavement,
6-Nov-21,Reiono,Protected,4,1.5,turf,turf,
6-Nov-21,Reiono,Protected,4,2,porites,coral,
6-Nov-21,Reiono,Protected,4,2.5,sand,sand,
6-Nov-21,Reiono,Protected,4,3,sand,sand,
6-Nov-21,Reiono,Protected,4,3.5,sand,sand,
6-Nov-21,Reiono,Protected,4,4,sand,sand,
6-Nov-21,Reiono,Protected,4,4.5,sand,sand,
6-Nov-21,Reiono,Protected,4,5,turbinaria,macroalgae,
6-Nov-21,Reiono,Protected,4,5.5,sand,sand,
6-Nov-21,Reiono,Protected,4,6,turbinaria,macroalgae,
6-Nov-21,Reiono,Protected,4,6.5,sand,sand,
6-Nov-21,Reiono,Protected,4,7,turbinaria,macroalgae,
6-Nov-21,Reiono,Protected,4,7.5,pavement/sand,pavement,
6-Nov-21,Reiono,Protected,4,8,rubble,rubble,
6-Nov-21,Reiono,Protected,4,8.5,turf,turf,
6-Nov-21,Reiono,Protected,4,9,turf,turf,
6-Nov-21,Reiono,Protected,4,9.5,turf,turf,
6-Nov-21,Reiono,Protected,4,10,turf,turf,
6-Nov-21,Reiono,Protected,4,10.5,turf,turf,
6-Nov-21,Reiono,Protected,4,11,sand,sand,
6-Nov-21,Reiono,Protected,4,11.5,sand,sand,
6-Nov-21,Reiono,Protected,4,12,pavement/sand,pavement,
6-Nov-21,Reiono,Protected,4,12.5,sand,sand,
6-Nov-21,Reiono,Protected,4,13,sand,sand,
6-Nov-21,Reiono,Protected,4,13.5,turf,turf,
6-Nov-21,Reiono,Protected,4,14,turf,turf,
6-Nov-21,Reiono,Protected,4,14.5,turbinaria,macroalgae,
6-Nov-21,Reiono,Protected,4,15,turbinaria,macroalgae,
6-Nov-21,Reiono,Protected,4,15.5,turf,turf,
6-Nov-21,Reiono,Protected,4,16,turf,turf,
6-Nov-21,Reiono,Protected,4,16.5,sand,sand,
6-Nov-21,Reiono,Protected,4,17,turbinaria,macroalgae,
6-Nov-21,Reiono,Protected,4,17.5,turf,turf,
6-Nov-21,Reiono,Protected,4,18,chlorodesmis,macroalgae,
6-Nov-21,Reiono,Protected,4,18.5,pavement/sand,pavement,
6-Nov-21,Reiono,Protected,4,19,pavement/sand,pavement,
6-Nov-21,Reiono,Protected,4,19.5,turf,turf,
6-Nov-21,Reiono,Protected,4,20,pavement/sand,pavement,
6-Nov-21,Reiono,Protected,4,20.5,rubble,rubble,
6-Nov-21,Reiono,Protected,4,21,turf,turf,
6-Nov-21,Reiono,Protected,4,21.5,pavement/sand,pavement,
6-Nov-21,Reiono,Protected,4,22,sand,sand,
6-Nov-21,Reiono,Protected,4,22.5,sand,sand,
6-Nov-21,Reiono,Protected,4,23,turf,turf,
6-Nov-21,Reiono,Protected,4,23.5,turf,turf,
6-Nov-21,Reiono,Protected,4,24,turf,turf,
6-Nov-21,Reiono,Protected,4,24.5,turf,turf,
6-Nov-21,Reiono,Protected,4,25,porites,coral,
6-Nov-21,Reiono,Protected,4,25.5,sand,sand,
6-Nov-21,Reiono,Protected,4,26,porites,coral,
6-Nov-21,Reiono,Protected,4,26.5,turbinaria,macroalgae,
6-Nov-21,Reiono,Protected,4,27,turbinaria,macroalgae,
6-Nov-21,Reiono,Protected,4,27.5,turf,turf,
6-Nov-21,Reiono,Protected,4,28,sand,sand,
6-Nov-21,Reiono,Protected,4,28.5,sand,sand,
6-Nov-21,Reiono,Protected,4,29,sand,sand,
6-Nov-21,Reiono,Protected,4,29.5,sand,sand,
6-Nov-21,Reiono,Protected,4,30,turf,turf,
6-Nov-21,Rimatuu,Exposed,1,0.5,sand,sand,
6-Nov-21,Rimatuu,Exposed,1,1,sand,sand,
6-Nov-21,Rimatuu,Exposed,1,1.5,porites,coral,massive
6-Nov-21,Rimatuu,Exposed,1,2,porites,coral,
6-Nov-21,Rimatuu,Exposed,1,2.5,sand,sand,
6-Nov-21,Rimatuu,Exposed,1,3,porites,coral,
6-Nov-21,Rimatuu,Exposed,1,3.5,porites,coral,
6-Nov-21,Rimatuu,Exposed,1,4,sand,sand,
6-Nov-21,Rimatuu,Exposed,1,4.5,montipora,coral,
6-Nov-21,Rimatuu,Exposed,1,5,turf,turf,
6-Nov-21,Rimatuu,Exposed,1,5.5,turf,turf,
6-Nov-21,Rimatuu,Exposed,1,6,rubble,rubble,
6-Nov-21,Rimatuu,Exposed,1,6.5,sand,sand,
6-Nov-21,Rimatuu,Exposed,1,7,sand,sand,
6-Nov-21,Rimatuu,Exposed,1,7.5,sand,sand,
6-Nov-21,Rimatuu,Exposed,1,8,sand,sand,
6-Nov-21,Rimatuu,Exposed,1,8.5,turf,turf,
6-Nov-21,Rimatuu,Exposed,1,9,sand,sand,
6-Nov-21,Rimatuu,Exposed,1,9.5,sand,sand,
6-Nov-21,Rimatuu,Exposed,1,10,turbinaria,macroalgae,
6-Nov-21,Rimatuu,Exposed,1,10.5,sand,sand,
6-Nov-21,Rimatuu,Exposed,1,11,pavement,pavement,
6-Nov-21,Rimatuu,Exposed,1,11.5,sand,sand,
6-Nov-21,Rimatuu,Exposed,1,12,turbinaria,macroalgae,
6-Nov-21,Rimatuu,Exposed,1,12.5,sand,sand,
6-Nov-21,Rimatuu,Exposed,1,13,chlorodesmis,macroalgae,
6-Nov-21,Rimatuu,Exposed,1,13.5,turf,turf,
6-Nov-21,Rimatuu,Exposed,1,14,sand,sand,
6-Nov-21,Rimatuu,Exposed,1,14.5,porites,coral,
6-Nov-21,Rimatuu,Exposed,1,15,porites,coral,
6-Nov-21,Rimatuu,Exposed,1,15.5,porites,coral,
6-Nov-21,Rimatuu,Exposed,1,16,porites,coral,
6-Nov-21,Rimatuu,Exposed,1,16.5,porites,coral,
6-Nov-21,Rimatuu,Exposed,1,17,turf,turf,
6-Nov-21,Rimatuu,Exposed,1,17.5,sand,sand,
6-Nov-21,Rimatuu,Exposed,1,18,porites,coral,
6-Nov-21,Rimatuu,Exposed,1,18.5,porites,coral,
6-Nov-21,Rimatuu,Exposed,1,19,turf,turf,
6-Nov-21,Rimatuu,Exposed,1,19.5,turf,turf,
6-Nov-21,Rimatuu,Exposed,1,20,leptoseris,coral,couldn't find pic
6-Nov-21,Rimatuu,Exposed,1,20.5,porites,coral,
6-Nov-21,Rimatuu,Exposed,1,21,porites,coral,
6-Nov-21,Rimatuu,Exposed,1,21.5,porites,coral,
6-Nov-21,Rimatuu,Exposed,1,22,porites,coral,
6-Nov-21,Rimatuu,Exposed,1,22.5,porites,coral,
6-Nov-21,Rimatuu,Exposed,1,23,porites,coral,
6-Nov-21,Rimatuu,Exposed,1,23.5,porites,coral,
6-Nov-21,Rimatuu,Exposed,1,24,turf,turf,
6-Nov-21,Rimatuu,Exposed,1,24.5,rubble,rubble,
6-Nov-21,Rimatuu,Exposed,1,25,rubble,rubble,
6-Nov-21,Rimatuu,Exposed,1,25.5,rubble,rubble,
6-Nov-21,Rimatuu,Exposed,1,26,rubble,rubble,
6-Nov-21,Rimatuu,Exposed,1,26.5,rubble,rubble,
6-Nov-21,Rimatuu,Exposed,1,27,turbinaria,macroalgae,
6-Nov-21,Rimatuu,Exposed,1,27.5,turf,turf,
6-Nov-21,Rimatuu,Exposed,1,28,turf,turf,
6-Nov-21,Rimatuu,Exposed,1,28.5,porites,coral,
6-Nov-21,Rimatuu,Exposed,1,29,turf,turf,
6-Nov-21,Rimatuu,Exposed,1,29.5,turbinaria,macroalgae,
6-Nov-21,Rimatuu,Exposed,1,30,turf,turf,
6-Nov-21,Rimatuu,Exposed,2,0.5,sand,sand,
6-Nov-21,Rimatuu,Exposed,2,1,sand,sand,
6-Nov-21,Rimatuu,Exposed,2,1.5,sand,sand,
6-Nov-21,Rimatuu,Exposed,2,2,turf,turf,
6-Nov-21,Rimatuu,Exposed,2,2.5,turf,turf,
6-Nov-21,Rimatuu,Exposed,2,3,turf,turf,
6-Nov-21,Rimatuu,Exposed,2,3.5,turf,turf,
6-Nov-21,Rimatuu,Exposed,2,4,turf,turf,
6-Nov-21,Rimatuu,Exposed,2,4.5,turf,turf,
6-Nov-21,Rimatuu,Exposed,2,5,turf,turf,
6-Nov-21,Rimatuu,Exposed,2,5.5,rubble,rubble,
6-Nov-21,Rimatuu,Exposed,2,6,rubble,rubble,
6-Nov-21,Rimatuu,Exposed,2,6.5,montipora,coral,pic
6-Nov-21,Rimatuu,Exposed,2,7,sand,sand,
6-Nov-21,Rimatuu,Exposed,2,7.5,sand,sand,
6-Nov-21,Rimatuu,Exposed,2,8,sand,sand,
6-Nov-21,Rimatuu,Exposed,2,8.5,porites,coral,
6-Nov-21,Rimatuu,Exposed,2,9,turf,turf,
6-Nov-21,Rimatuu,Exposed,2,9.5,cyanobacteria mat,cyano,
6-Nov-21,Rimatuu,Exposed,2,10,turf,turf,
6-Nov-21,Rimatuu,Exposed,2,10.5,turf,turf,
6-Nov-21,Rimatuu,Exposed,2,11,turf,turf,
6-Nov-21,Rimatuu,Exposed,2,11.5,turf,turf,
6-Nov-21,Rimatuu,Exposed,2,12,turf,turf,
6-Nov-21,Rimatuu,Exposed,2,12.5,turf,turf,
6-Nov-21,Rimatuu,Exposed,2,13,turf,turf,
6-Nov-21,Rimatuu,Exposed,2,13.5,turf,turf,
6-Nov-21,Rimatuu,Exposed,2,14,turf,turf,
6-Nov-21,Rimatuu,Exposed,2,14.5,turf,turf,
6-Nov-21,Rimatuu,Exposed,2,15,turf,turf,
6-Nov-21,Rimatuu,Exposed,2,15.5,turf,turf,
6-Nov-21,Rimatuu,Exposed,2,16,turf,turf,
6-Nov-21,Rimatuu,Exposed,2,16.5,turf,turf,
6-Nov-21,Rimatuu,Exposed,2,17,turf,turf,
6-Nov-21,Rimatuu,Exposed,2,17.5,fungia,coral,
6-Nov-21,Rimatuu,Exposed,2,18,turbinaria,macroalgae,
6-Nov-21,Rimatuu,Exposed,2,18.5,turf,turf,
6-Nov-21,Rimatuu,Exposed,2,19,turf,turf,
6-Nov-21,Rimatuu,Exposed,2,19.5,turf,turf,
6-Nov-21,Rimatuu,Exposed,2,20,turf,turf,
6-Nov-21,Rimatuu,Exposed,2,20.5,turf,turf,
6-Nov-21,Rimatuu,Exposed,2,21,porites,coral,
6-Nov-21,Rimatuu,Exposed,2,21.5,sand,sand,
6-Nov-21,Rimatuu,Exposed,2,22,sand,sand,
6-Nov-21,Rimatuu,Exposed,2,22.5,sand,sand,
6-Nov-21,Rimatuu,Exposed,2,23,sand,sand,
6-Nov-21,Rimatuu,Exposed,2,23.5,sand,sand,
6-Nov-21,Rimatuu,Exposed,2,24,sand,sand,
6-Nov-21,Rimatuu,Exposed,2,24.5,sand,sand,
6-Nov-21,Rimatuu,Exposed,2,25,sand,sand,
6-Nov-21,Rimatuu,Exposed,2,25.5,turf,turf,
6-Nov-21,Rimatuu,Exposed,2,26,turbinaria,macroalgae,
6-Nov-21,Rimatuu,Exposed,2,26.5,turf,turf,
6-Nov-21,Rimatuu,Exposed,2,27,montipora,coral,
6-Nov-21,Rimatuu,Exposed,2,27.5,turbinaria,macroalgae,
6-Nov-21,Rimatuu,Exposed,2,28,turf,turf,
6-Nov-21,Rimatuu,Exposed,2,28.5,porites,coral,
6-Nov-21,Rimatuu,Exposed,2,29,turf,turf,
6-Nov-21,Rimatuu,Exposed,2,29.5,turf,turf,
6-Nov-21,Rimatuu,Exposed,2,30,sand,sand,
6-Nov-21,Rimatuu,Exposed,3,0.5,turf,turf,
6-Nov-21,Rimatuu,Exposed,3,1,turf,turf,
6-Nov-21,Rimatuu,Exposed,3,1.5,sand,sand,
6-Nov-21,Rimatuu,Exposed,3,2,turf,turf,
6-Nov-21,Rimatuu,Exposed,3,2.5,porites,coral,
6-Nov-21,Rimatuu,Exposed,3,3,turf,turf,
6-Nov-21,Rimatuu,Exposed,3,3.5,porites,coral,
6-Nov-21,Rimatuu,Exposed,3,4,porites,coral,
6-Nov-21,Rimatuu,Exposed,3,4.5,sand,sand,
6-Nov-21,Rimatuu,Exposed,3,5,turf,turf,
6-Nov-21,Rimatuu,Exposed,3,5.5,pavement,pavement,
6-Nov-21,Rimatuu,Exposed,3,6,sand,sand,
6-Nov-21,Rimatuu,Exposed,3,6.5,sand,sand,
6-Nov-21,Rimatuu,Exposed,3,7,turf,turf,
6-Nov-21,Rimatuu,Exposed,3,7.5,turf,turf,
6-Nov-21,Rimatuu,Exposed,3,8,turf,turf,
6-Nov-21,Rimatuu,Exposed,3,8.5,sand,sand,
6-Nov-21,Rimatuu,Exposed,3,9,sand,sand,
6-Nov-21,Rimatuu,Exposed,3,9.5,sand,sand,
6-Nov-21,Rimatuu,Exposed,3,10,turf,turf,
6-Nov-21,Rimatuu,Exposed,3,10.5,turf,turf,
6-Nov-21,Rimatuu,Exposed,3,11,montipora,coral,
6-Nov-21,Rimatuu,Exposed,3,11.5,montipora,coral,
6-Nov-21,Rimatuu,Exposed,3,12,turf,turf,
6-Nov-21,Rimatuu,Exposed,3,12.5,porites,coral,
6-Nov-21,Rimatuu,Exposed,3,13,sand,sand,
6-Nov-21,Rimatuu,Exposed,3,13.5,sand,sand,
6-Nov-21,Rimatuu,Exposed,3,14,turf,turf,
6-Nov-21,Rimatuu,Exposed,3,14.5,sand,sand,
6-Nov-21,Rimatuu,Exposed,3,15,sand,sand,
6-Nov-21,Rimatuu,Exposed,3,15.5,sand,sand,
6-Nov-21,Rimatuu,Exposed,3,16,sand,sand,
6-Nov-21,Rimatuu,Exposed,3,16.5,sand,sand,
6-Nov-21,Rimatuu,Exposed,3,17,sand,sand,
6-Nov-21,Rimatuu,Exposed,3,17.5,turf,turf,
6-Nov-21,Rimatuu,Exposed,3,18,turf,turf,
6-Nov-21,Rimatuu,Exposed,3,18.5,sand,sand,
6-Nov-21,Rimatuu,Exposed,3,19,sand,sand,
6-Nov-21,Rimatuu,Exposed,3,19.5,porites,coral,
6-Nov-21,Rimatuu,Exposed,3,20,turf,turf,
6-Nov-21,Rimatuu,Exposed,3,20.5,turf,turf,
6-Nov-21,Rimatuu,Exposed,3,21,rubble,rubble,
6-Nov-21,Rimatuu,Exposed,3,21.5,rubble,rubble,
6-Nov-21,Rimatuu,Exposed,3,22,rubble,rubble,
6-Nov-21,Rimatuu,Exposed,3,22.5,pavement/sand,pavement,
6-Nov-21,Rimatuu,Exposed,3,23,pavement/sand,pavement,
6-Nov-21,Rimatuu,Exposed,3,23.5,pavement/sand,pavement,
6-Nov-21,Rimatuu,Exposed,3,24,pavement/sand,pavement,
6-Nov-21,Rimatuu,Exposed,3,24.5,sand,sand,
6-Nov-21,Rimatuu,Exposed,3,25,sand,sand,
6-Nov-21,Rimatuu,Exposed,3,25.5,sand,sand,
6-Nov-21,Rimatuu,Exposed,3,26,sand,sand,
6-Nov-21,Rimatuu,Exposed,3,26.5,turf,turf,
6-Nov-21,Rimatuu,Exposed,3,27,turf,turf,
6-Nov-21,Rimatuu,Exposed,3,27.5,turf,turf,
6-Nov-21,Rimatuu,Exposed,3,28,turf,turf,
6-Nov-21,Rimatuu,Exposed,3,28.5,porites,coral,
6-Nov-21,Rimatuu,Exposed,3,29,turf,turf,
6-Nov-21,Rimatuu,Exposed,3,29.5,turf,turf,
6-Nov-21,Rimatuu,Exposed,3,30,sand,sand,
6-Nov-21,Rimatuu,Exposed,4,0.5,turf,turf,
6-Nov-21,Rimatuu,Exposed,4,1,turf,turf,
6-Nov-21,Rimatuu,Exposed,4,1.5,turf,turf,
6-Nov-21,Rimatuu,Exposed,4,2,turf,turf,
6-Nov-21,Rimatuu,Exposed,4,2.5,turf,turf,
6-Nov-21,Rimatuu,Exposed,4,3,rubble,rubble,
6-Nov-21,Rimatuu,Exposed,4,3.5,rubble,rubble,
6-Nov-21,Rimatuu,Exposed,4,4,rubble,rubble,
6-Nov-21,Rimatuu,Exposed,4,4.5,turf,turf,
6-Nov-21,Rimatuu,Exposed,4,5,pavement,pavement,
6-Nov-21,Rimatuu,Exposed,4,5.5,porites,coral,
6-Nov-21,Rimatuu,Exposed,4,6,sand,sand,
6-Nov-21,Rimatuu,Exposed,4,6.5,sand,sand,
6-Nov-21,Rimatuu,Exposed,4,7,sand,sand,
6-Nov-21,Rimatuu,Exposed,4,7.5,sand,sand,
6-Nov-21,Rimatuu,Exposed,4,8,montipora,coral,
6-Nov-21,Rimatuu,Exposed,4,8.5,sand,sand,
6-Nov-21,Rimatuu,Exposed,4,9,rubble,rubble,
6-Nov-21,Rimatuu,Exposed,4,9.5,turf,turf,
6-Nov-21,Rimatuu,Exposed,4,10,turf,turf,
6-Nov-21,Rimatuu,Exposed,4,10.5,sand,sand,
6-Nov-21,Rimatuu,Exposed,4,11,turbinaria,macroalgae,
6-Nov-21,Rimatuu,Exposed,4,11.5,turf,turf,
6-Nov-21,Rimatuu,Exposed,4,12,turbinaria,macroalgae,
6-Nov-21,Rimatuu,Exposed,4,12.5,turf,turf,
6-Nov-21,Rimatuu,Exposed,4,13,turf,turf,
6-Nov-21,Rimatuu,Exposed,4,13.5,porites,coral,
6-Nov-21,Rimatuu,Exposed,4,14,turf,turf,
6-Nov-21,Rimatuu,Exposed,4,14.5,turf,turf,
6-Nov-21,Rimatuu,Exposed,4,15,turf,turf,
6-Nov-21,Rimatuu,Exposed,4,15.5,turf,turf,
6-Nov-21,Rimatuu,Exposed,4,16,turf,turf,
6-Nov-21,Rimatuu,Exposed,4,16.5,rubble,rubble,
6-Nov-21,Rimatuu,Exposed,4,17,porites,coral,
6-Nov-21,Rimatuu,Exposed,4,17.5,porites,coral,
6-Nov-21,Rimatuu,Exposed,4,18,sand,sand,
6-Nov-21,Rimatuu,Exposed,4,18.5,sand,sand,
6-Nov-21,Rimatuu,Exposed,4,19,sand,sand,
6-Nov-21,Rimatuu,Exposed,4,19.5,sand,sand,
6-Nov-21,Rimatuu,Exposed,4,20,turf,turf,
6-Nov-21,Rimatuu,Exposed,4,20.5,turf,turf,
6-Nov-21,Rimatuu,Exposed,4,21,turf,turf,
6-Nov-21,Rimatuu,Exposed,4,21.5,sand,sand,
6-Nov-21,Rimatuu,Exposed,4,22,turf,turf,
6-Nov-21,Rimatuu,Exposed,4,22.5,turf,turf,
6-Nov-21,Rimatuu,Exposed,4,23,porites rus,coral,pic
6-Nov-21,Rimatuu,Exposed,4,23.5,cyanobacteria mat,cyano,
6-Nov-21,Rimatuu,Exposed,4,24,turbinaria,macroalgae,
6-Nov-21,Rimatuu,Exposed,4,24.5,turf,turf,
6-Nov-21,Rimatuu,Exposed,4,25,turf,turf,
6-Nov-21,Rimatuu,Exposed,4,25.5,turf,turf,
6-Nov-21,Rimatuu,Exposed,4,26,rubble,rubble,
6-Nov-21,Rimatuu,Exposed,4,26.5,sand,sand,
6-Nov-21,Rimatuu,Exposed,4,27,sand,sand,
6-Nov-21,Rimatuu,Exposed,4,27.5,porites,coral,
6-Nov-21,Rimatuu,Exposed,4,28,pavement/sand,pavement,
6-Nov-21,Rimatuu,Exposed,4,28.5,turf,turf,
6-Nov-21,Rimatuu,Exposed,4,29,turf,turf,
6-Nov-21,Rimatuu,Exposed,4,29.5,turf,turf,
6-Nov-21,Rimatuu,Exposed,4,30,turf,turf,
10-Nov-21,Rimatuu,Protected,1,0.5,leptoseris,coral,
10-Nov-21,Rimatuu,Protected,1,1,sand,sand,
10-Nov-21,Rimatuu,Protected,1,1.5,sand,sand,next to big porites bommie
10-Nov-21,Rimatuu,Protected,1,2,sand,sand,next to big porites bommie
10-Nov-21,Rimatuu,Protected,1,2.5,sand,sand,next to big porites bommie
10-Nov-21,Rimatuu,Protected,1,3,pavement/sand,pavement,
10-Nov-21,Rimatuu,Protected,1,3.5,leptoseris,coral,
10-Nov-21,Rimatuu,Protected,1,4,pavement/sand,pavement,
10-Nov-21,Rimatuu,Protected,1,4.5,sand,sand,
10-Nov-21,Rimatuu,Protected,1,5,rubble,rubble,
10-Nov-21,Rimatuu,Protected,1,5.5,rubble,rubble,
10-Nov-21,Rimatuu,Protected,1,6,rubble,rubble,
10-Nov-21,Rimatuu,Protected,1,6.5,sand,sand,
10-Nov-21,Rimatuu,Protected,1,7,sand,sand,next to bommie
10-Nov-21,Rimatuu,Protected,1,7.5,sand,sand,
10-Nov-21,Rimatuu,Protected,1,8,pavement/sand,pavement,
10-Nov-21,Rimatuu,Protected,1,8.5,pavement/sand,pavement,
10-Nov-21,Rimatuu,Protected,1,9,sand,sand,
10-Nov-21,Rimatuu,Protected,1,9.5,sand,sand,
10-Nov-21,Rimatuu,Protected,1,10,sand,sand,
10-Nov-21,Rimatuu,Protected,1,10.5,sand,sand,
10-Nov-21,Rimatuu,Protected,1,11,sand,sand,
10-Nov-21,Rimatuu,Protected,1,11.5,sand,sand,
10-Nov-21,Rimatuu,Protected,1,12,sand,sand,
10-Nov-21,Rimatuu,Protected,1,12.5,sand,sand,
10-Nov-21,Rimatuu,Protected,1,13,pavement/sand,pavement,
10-Nov-21,Rimatuu,Protected,1,13.5,porites,coral,
10-Nov-21,Rimatuu,Protected,1,14,porites,coral,
10-Nov-21,Rimatuu,Protected,1,14.5,sand,sand,
10-Nov-21,Rimatuu,Protected,1,15,sand,sand,
10-Nov-21,Rimatuu,Protected,1,15.5,pavement/sand,pavement,
10-Nov-21,Rimatuu,Protected,1,16,pavement/sand,pavement,
10-Nov-21,Rimatuu,Protected,1,16.5,pavement/sand,pavement,
10-Nov-21,Rimatuu,Protected,1,17,pavement/sand,pavement,
10-Nov-21,Rimatuu,Protected,1,17.5,sand,sand,
10-Nov-21,Rimatuu,Protected,1,18,pavement/sand,pavement,
10-Nov-21,Rimatuu,Protected,1,18.5,sand,sand,
10-Nov-21,Rimatuu,Protected,1,19,pavement/sand,pavement,
10-Nov-21,Rimatuu,Protected,1,19.5,pavement/sand,pavement,
10-Nov-21,Rimatuu,Protected,1,20,pavement/sand,pavement,
10-Nov-21,Rimatuu,Protected,1,20.5,turbinaria,macroalgae,
10-Nov-21,Rimatuu,Protected,1,21,pavement/sand,pavement,
10-Nov-21,Rimatuu,Protected,1,21.5,pavement/sand,pavement,
10-Nov-21,Rimatuu,Protected,1,22,macroalgae,macroalgae,
10-Nov-21,Rimatuu,Protected,1,22.5,pavement/sand,pavement,
10-Nov-21,Rimatuu,Protected,1,23,macroalgae,macroalgae,
10-Nov-21,Rimatuu,Protected,1,23.5,rubble,rubble,next to bommie
10-Nov-21,Rimatuu,Protected,1,24,porites,coral,
10-Nov-21,Rimatuu,Protected,1,24.5,sand,sand,
10-Nov-21,Rimatuu,Protected,1,25,sand,sand,
10-Nov-21,Rimatuu,Protected,1,25.5,sand,sand,
10-Nov-21,Rimatuu,Protected,1,26,sand,sand,
10-Nov-21,Rimatuu,Protected,1,26.5,sand,sand,
10-Nov-21,Rimatuu,Protected,1,27,pavement/sand,pavement,
10-Nov-21,Rimatuu,Protected,1,27.5,pavement/sand,pavement,
10-Nov-21,Rimatuu,Protected,1,28,porites,coral,
10-Nov-21,Rimatuu,Protected,1,28.5,porites,coral,
10-Nov-21,Rimatuu,Protected,1,29,porites,coral,
10-Nov-21,Rimatuu,Protected,1,29.5,sand,sand,
10-Nov-21,Rimatuu,Protected,1,30,pavement/sand,pavement,
10-Nov-21,Rimatuu,Protected,2,0.5,pavement/sand,pavement,
10-Nov-21,Rimatuu,Protected,2,1,turbinaria,macroalgae,
10-Nov-21,Rimatuu,Protected,2,1.5,pavement/sand,pavement,
10-Nov-21,Rimatuu,Protected,2,2,pavement/sand,pavement,
10-Nov-21,Rimatuu,Protected,2,2.5,porites,coral,
10-Nov-21,Rimatuu,Protected,2,3,porites,coral,
10-Nov-21,Rimatuu,Protected,2,3.5,porites,coral,
10-Nov-21,Rimatuu,Protected,2,4,rubble,rubble,
10-Nov-21,Rimatuu,Protected,2,4.5,rubble,rubble,
10-Nov-21,Rimatuu,Protected,2,5,rubble,rubble,
10-Nov-21,Rimatuu,Protected,2,5.5,rubble,rubble,
10-Nov-21,Rimatuu,Protected,2,6,pavement/sand,pavement,
10-Nov-21,Rimatuu,Protected,2,6.5,rubble,rubble,
10-Nov-21,Rimatuu,Protected,2,7,rubble,rubble,
10-Nov-21,Rimatuu,Protected,2,7.5,pavement/sand,pavement,
10-Nov-21,Rimatuu,Protected,2,8,turbinaria,macroalgae,
10-Nov-21,Rimatuu,Protected,2,8.5,pavement/sand,pavement,
10-Nov-21,Rimatuu,Protected,2,9,pavement/sand,pavement,
10-Nov-21,Rimatuu,Protected,2,9.5,pavement/sand,pavement,
10-Nov-21,Rimatuu,Protected,2,10,porites,coral,
10-Nov-21,Rimatuu,Protected,2,10.5,rubble,rubble,
10-Nov-21,Rimatuu,Protected,2,11,porites,coral,
10-Nov-21,Rimatuu,Protected,2,11.5,porites,coral,
10-Nov-21,Rimatuu,Protected,2,12,pavement/sand,pavement,
10-Nov-21,Rimatuu,Protected,2,12.5,rubble,rubble,
10-Nov-21,Rimatuu,Protected,2,13,porites,coral,
10-Nov-21,Rimatuu,Protected,2,13.5,porites,coral,
10-Nov-21,Rimatuu,Protected,2,14,pavement/sand,pavement,
10-Nov-21,Rimatuu,Protected,2,14.5,clam,clam,
10-Nov-21,Rimatuu,Protected,2,15,pavement/sand,pavement,
10-Nov-21,Rimatuu,Protected,2,15.5,sand,sand,
10-Nov-21,Rimatuu,Protected,2,16,sand,sand,
10-Nov-21,Rimatuu,Protected,2,16.5,pavement/sand,pavement,
10-Nov-21,Rimatuu,Protected,2,17,pavement/sand,pavement,
10-Nov-21,Rimatuu,Protected,2,17.5,pavement/sand,pavement,
10-Nov-21,Rimatuu,Protected,2,18,sand,sand,
10-Nov-21,Rimatuu,Protected,2,18.5,pavement/sand,pavement,
10-Nov-21,Rimatuu,Protected,2,19,pavement/sand,pavement,
10-Nov-21,Rimatuu,Protected,2,19.5,sand,sand,
10-Nov-21,Rimatuu,Protected,2,20,turbinaria,macroalgae,
10-Nov-21,Rimatuu,Protected,2,20.5,pavement/sand,pavement,
10-Nov-21,Rimatuu,Protected,2,21,rubble,rubble,
10-Nov-21,Rimatuu,Protected,2,21.5,rubble,rubble,
10-Nov-21,Rimatuu,Protected,2,22,rubble,rubble,
10-Nov-21,Rimatuu,Protected,2,22.5,rubble,rubble,
10-Nov-21,Rimatuu,Protected,2,23,rubble,rubble,
10-Nov-21,Rimatuu,Protected,2,23.5,rubble,rubble,
10-Nov-21,Rimatuu,Protected,2,24,rubble,rubble,
10-Nov-21,Rimatuu,Protected,2,24.5,rubble,rubble,
10-Nov-21,Rimatuu,Protected,2,25,sand,sand,
10-Nov-21,Rimatuu,Protected,2,25.5,rubble,rubble,
10-Nov-21,Rimatuu,Protected,2,26,rubble,rubble,
10-Nov-21,Rimatuu,Protected,2,26.5,rubble,rubble,
10-Nov-21,Rimatuu,Protected,2,27,rubble,rubble,
10-Nov-21,Rimatuu,Protected,2,27.5,rubble,rubble,
10-Nov-21,Rimatuu,Protected,2,28,sea cucumber,sea cucumber,
10-Nov-21,Rimatuu,Protected,2,28.5,rubble,rubble,
10-Nov-21,Rimatuu,Protected,2,29,porites,coral,
10-Nov-21,Rimatuu,Protected,2,29.5,porites,coral,
10-Nov-21,Rimatuu,Protected,2,30,pavement/sand,pavement,
10-Nov-21,Rimatuu,Protected,3,0.5,pavona,coral,
10-Nov-21,Rimatuu,Protected,3,1,pavement/sand,pavement,
10-Nov-21,Rimatuu,Protected,3,1.5,pavement/sand,pavement,
10-Nov-21,Rimatuu,Protected,3,2,pavement/sand,pavement,
10-Nov-21,Rimatuu,Protected,3,2.5,pavement/sand,pavement,
10-Nov-21,Rimatuu,Protected,3,3,sand,sand,
10-Nov-21,Rimatuu,Protected,3,3.5,porites,coral,
10-Nov-21,Rimatuu,Protected,3,4,sand,sand,
10-Nov-21,Rimatuu,Protected,3,4.5,sand,sand,
10-Nov-21,Rimatuu,Protected,3,5,sand,sand,
10-Nov-21,Rimatuu,Protected,3,5.5,sand,sand,
10-Nov-21,Rimatuu,Protected,3,6,pavement/sand,pavement,
10-Nov-21,Rimatuu,Protected,3,6.5,pavement/sand,pavement,
10-Nov-21,Rimatuu,Protected,3,7,rubble,rubble,
10-Nov-21,Rimatuu,Protected,3,7.5,rubble,rubble,
10-Nov-21,Rimatuu,Protected,3,8,sand,sand,
10-Nov-21,Rimatuu,Protected,3,8.5,porites,coral,
10-Nov-21,Rimatuu,Protected,3,9,porites,coral,
10-Nov-21,Rimatuu,Protected,3,9.5,sand,sand,
10-Nov-21,Rimatuu,Protected,3,10,porites,coral,
10-Nov-21,Rimatuu,Protected,3,10.5,porites,coral,
10-Nov-21,Rimatuu,Protected,3,11,sand,sand,
10-Nov-21,Rimatuu,Protected,3,11.5,pavement/sand,pavement,
10-Nov-21,Rimatuu,Protected,3,12,pavement/sand,pavement,
10-Nov-21,Rimatuu,Protected,3,12.5,rubble,rubble,
10-Nov-21,Rimatuu,Protected,3,13,rubble,rubble,
10-Nov-21,Rimatuu,Protected,3,13.5,porites,coral,
10-Nov-21,Rimatuu,Protected,3,14,pavement/sand,pavement,
10-Nov-21,Rimatuu,Protected,3,14.5,montipora,coral,
10-Nov-21,Rimatuu,Protected,3,15,sand,sand,
10-Nov-21,Rimatuu,Protected,3,15.5,sand,sand,
10-Nov-21,Rimatuu,Protected,3,16,sand,sand,
10-Nov-21,Rimatuu,Protected,3,16.5,sand,sand,next to bommie
10-Nov-21,Rimatuu,Protected,3,17,sand,sand,next to bommie
10-Nov-21,Rimatuu,Protected,3,17.5,sand,sand,next to bommie
10-Nov-21,Rimatuu,Protected,3,18,rubble,rubble,next to bommie
10-Nov-21,Rimatuu,Protected,3,18.5,rubble,rubble,
10-Nov-21,Rimatuu,Protected,3,19,rubble,rubble,
10-Nov-21,Rimatuu,Protected,3,19.5,rubble,rubble,
10-Nov-21,Rimatuu,Protected,3,20,turbinaria,macroalgae,
10-Nov-21,Rimatuu,Protected,3,20.5,turbinaria,macroalgae,
10-Nov-21,Rimatuu,Protected,3,21,rubble,rubble,
10-Nov-21,Rimatuu,Protected,3,21.5,rubble,rubble,
10-Nov-21,Rimatuu,Protected,3,22,porites,coral,
10-Nov-21,Rimatuu,Protected,3,22.5,rubble,rubble,
10-Nov-21,Rimatuu,Protected,3,23,rubble,rubble,
10-Nov-21,Rimatuu,Protected,3,23.5,pavement/sand,pavement,
10-Nov-21,Rimatuu,Protected,3,24,pavement/sand,pavement,
10-Nov-21,Rimatuu,Protected,3,24.5,rubble,rubble,
10-Nov-21,Rimatuu,Protected,3,25,porites,coral,
10-Nov-21,Rimatuu,Protected,3,25.5,sand,sand,
10-Nov-21,Rimatuu,Protected,3,26,sand,sand,
10-Nov-21,Rimatuu,Protected,3,26.5,pavement/sand,pavement,
10-Nov-21,Rimatuu,Protected,3,27,porites,coral,
10-Nov-21,Rimatuu,Protected,3,27.5,pavement/sand,pavement,
10-Nov-21,Rimatuu,Protected,3,28,porites,coral,
10-Nov-21,Rimatuu,Protected,3,28.5,pavement/sand,pavement,
10-Nov-21,Rimatuu,Protected,3,29,turbinaria,macroalgae,
10-Nov-21,Rimatuu,Protected,3,29.5,turbinaria,macroalgae,
10-Nov-21,Rimatuu,Protected,3,30,turbinaria,macroalgae,
10-Nov-21,Rimatuu,Protected,4,0.5,sand,sand,
10-Nov-21,Rimatuu,Protected,4,1,sand,sand,
10-Nov-21,Rimatuu,Protected,4,1.5,sand,sand,
10-Nov-21,Rimatuu,Protected,4,2,sand,sand,
10-Nov-21,Rimatuu,Protected,4,2.5,porites rus,coral,
10-Nov-21,Rimatuu,Protected,4,3,porites rus,coral,
10-Nov-21,Rimatuu,Protected,4,3.5,sand,sand,
10-Nov-21,Rimatuu,Protected,4,4,sand,sand,
10-Nov-21,Rimatuu,Protected,4,4.5,sand,sand,
10-Nov-21,Rimatuu,Protected,4,5,pavement/sand,pavement,
10-Nov-21,Rimatuu,Protected,4,5.5,pavement/sand,pavement,
10-Nov-21,Rimatuu,Protected,4,6,pavement/sand,pavement,
10-Nov-21,Rimatuu,Protected,4,6.5,porites,coral,
10-Nov-21,Rimatuu,Protected,4,7,porites,coral,
10-Nov-21,Rimatuu,Protected,4,7.5,sand,sand,
10-Nov-21,Rimatuu,Protected,4,8,porites,coral,
10-Nov-21,Rimatuu,Protected,4,8.5,turbinaria,macroalgae,
10-Nov-21,Rimatuu,Protected,4,9,sand,sand,
10-Nov-21,Rimatuu,Protected,4,9.5,sand,sand,next to bommie
10-Nov-21,Rimatuu,Protected,4,10,sand,sand,
10-Nov-21,Rimatuu,Protected,4,10.5,sand,sand,
10-Nov-21,Rimatuu,Protected,4,11,sand,sand,
10-Nov-21,Rimatuu,Protected,4,11.5,rubble,rubble,
10-Nov-21,Rimatuu,Protected,4,12,sand,sand,
10-Nov-21,Rimatuu,Protected,4,12.5,sand,sand,
10-Nov-21,Rimatuu,Protected,4,13,turf,turf,
10-Nov-21,Rimatuu,Protected,4,13.5,turf,turf,
10-Nov-21,Rimatuu,Protected,4,14,pavement/sand,pavement,
10-Nov-21,Rimatuu,Protected,4,14.5,porites,coral,
10-Nov-21,Rimatuu,Protected,4,15,pavement/sand,pavement,
10-Nov-21,Rimatuu,Protected,4,15.5,pavement/sand,pavement,
10-Nov-21,Rimatuu,Protected,4,16,rubble,rubble,
10-Nov-21,Rimatuu,Protected,4,16.5,rubble,rubble,
10-Nov-21,Rimatuu,Protected,4,17,sand,sand,
10-Nov-21,Rimatuu,Protected,4,17.5,porites,coral,
10-Nov-21,Rimatuu,Protected,4,18,porites,coral,
10-Nov-21,Rimatuu,Protected,4,18.5,sand,sand,
10-Nov-21,Rimatuu,Protected,4,19,pavement/sand,pavement,
10-Nov-21,Rimatuu,Protected,4,19.5,pavement/sand,pavement,
10-Nov-21,Rimatuu,Protected,4,20,rubble,rubble,
10-Nov-21,Rimatuu,Protected,4,20.5,pavement/sand,pavement,
10-Nov-21,Rimatuu,Protected,4,21,turbinaria,macroalgae,
10-Nov-21,Rimatuu,Protected,4,21.5,porites rus,coral,
10-Nov-21,Rimatuu,Protected,4,22,pavement/sand,pavement,
10-Nov-21,Rimatuu,Protected,4,22.5,rubble,rubble,
10-Nov-21,Rimatuu,Protected,4,23,rubble,rubble,
10-Nov-21,Rimatuu,Protected,4,23.5,pavement/sand,pavement,
10-Nov-21,Rimatuu,Protected,4,24,pavement/sand,pavement,
10-Nov-21,Rimatuu,Protected,4,24.5,porites,coral,
10-Nov-21,Rimatuu,Protected,4,25,porites,coral,
10-Nov-21,Rimatuu,Protected,4,25.5,sand,sand,
10-Nov-21,Rimatuu,Protected,4,26,sand,sand,
10-Nov-21,Rimatuu,Protected,4,26.5,sand,sand,
10-Nov-21,Rimatuu,Protected,4,27,sand,sand,
10-Nov-21,Rimatuu,Protected,4,27.5,sand,sand,
10-Nov-21,Rimatuu,Protected,4,28,sand,sand,
10-Nov-21,Rimatuu,Protected,4,28.5,sand,sand,
10-Nov-21,Rimatuu,Protected,4,29,sand,sand,
10-Nov-21,Rimatuu,Protected,4,29.5,pavement/sand,pavement,
10-Nov-21,Rimatuu,Protected,4,30,pavement/sand,pavement,